sch_stat_no;sch_name;district;subdistrict
1400001;اعدادية النجف المركزية للبنين;njf;njf_c
1400002;اعدادية الخورنق للبنين;njf;njf_c
1400003;متوسطة السدير للبنين;njf;njf_c
1400004;اعدادية الحبوبي المسائية للبنين;njf;njf_c
1400005;متوسطة الجمهورية للبنين;njf;njf_c
1400006;متوسطة النجف المسائية للبنين;njf;njf_c
1400007;ثانوية الكندي للبنين;njf;njf_c
1400008;متوسطة النجف للبنين;njf;njf_c
1400009;متوسطة النهروان للبنين;njf;njf_c
1400010;متوسطة الامام علي للبنين;njf;njf_c
1400011;متوسطة الخليل للبنين;njf;njf_c
1400012;متوسطة دمشق للبنين;njf;njf_c
1400013;متوسطة بغداد للبنين;njf;njf_c
1400014;اعدادية الامام الحسين للبنين;njf;njf_c
1400015;متوسطة الاحرار للبنين;njf;njf_c
1400016;متوسطة الامام الهادي للبنين;njf;njf_c
1400017;متوسطة عكاظ للبنين;njf;njf_c
1400018;اعدادية الدكتور علي الوردي للبنين;njf;njf_c
1400019;متوسطة ابي ذر للبنين;njf;njf_c
1400020;متوسطة الفارس العربي للبنين;njf;njf_c
1400021;اعدادية امنة الصدر للبنات;njf;njf_c
1400022;متوسطة النجف للبنات;njf;njf_c
1400023;اعدادية الامير للبنات;njf;njf_c
1400024;متوسطة الامل للبنات;njf;njf_c
1400026;اعدادية اللاذقية للبنات;njf;njf_c
1400027;ثانوية ميسلون للبنات;njf;njf_c
1400028;اعدادية البتول المسائية للبنات;njf;njf_c
1400029;متوسطة الشهباء للبنات;njf;njf_c
1400030;متوسطة بلقيس للبنات;njf;njf_c
1400031;اعدادية الساجدات المركزية للبنات;njf;njf_c
1400032;متوسطة الخنساء للبنات;njf;njf_c
1400033;متوسطة اوراس للبنات;njf;njf_c
1400034;اعدادية خولة بنت الازور للبنات;njf;njf_c
1400035;ثانوية الكرامة للبنات;njf;njf_c
1400036;متوسطة صدر العراق للبنين;njf;njf_c
1400037;متوسطة المثنى للبنات;njf;njf_c
1400038;اعدادية الجزائر للبنات;njf;njf_c
1400039;اعدادية الوحدة للبنين;njf;njf_c
1400040;متوسطة الكرار للبنين;njf;njf_c
1400041;ثانوية رمضان للبنين;njf;njf_c
1400042;متوسطة العفاف للبنات;njf;njf_c
1400043;اعدادية النصر المركزية للبنين;njf;njf_c
1400044;ثانوية الفاو للبنات;njf;njf_c
1400045;اعدادية الزهراء للبنات;njf;njf_c
1400046;متوسطة الخليج العربي للبنين;njf;njf_c
1400047;اعدادية زينب الكبرى للبنات;njf;njf_c
1400048;اعدادية محمد باقر الصدر للبنين;njf;njf_c
1400050;اعدادية اليقظة للبنات;njf;njf_c
1400051;اعدادية الفرزدق للبنات;njf;njf_c
1400052;متوسطة سمية للبنات;njf;njf_c
1400053;متوسطة رقية للبنات;njf;njf_c
1400054;اعدادية التحرير للبنين;njf;njf_c
1400055;ثانوية الكرار المسائية للبنين;njf;njf_c
1400056;متوسطة شهداء الجمعة للبنين;njf;njf_c
1400057;اعدادية الشيخ المفيد المركزية للبنين;njf;njf_c
1400058;متوسطة الحمزة بن عبد المطلب للبنين;njf;njf_c
1400059;متوسطة كربلاء للبنين;njf;njf_c
1400060;متوسطة الخليل المسائية للبنين;njf;njf_c
1400061;اعدادية الصباح للبنات;njf;njf_c
1400062;اعدادية الايمان للبنات;njf;njf_c
1400063;اعدادية الاصيل المركزية للبنات;njf;njf_c
1400064;اعدادية انتفاضة صفر للبنات;njf;njf_c
1400065;متوسطة الامام الحسن للبنين;njf;njf_c
1400066;ثانوية الانفال للبنات;njf;njf_c
1400067;اعدادية شمس الحرية للبنات;njf;njf_c
1400068;متوسطة قمر بني هاشم للبنين;njf;njf_c
1400069;ثانوية محمد بن ابي بكر للبنات;njf;njf_c
1400070;ثانوية الزهاوي للبنين;njf;hyd
1400071;اعدادية الفاطمية للبنات;njf;hyd
1400072;ثانوية طريق الحسين المختلطة;njf;hyd
1400073;اعدادية الفرات للبنين;kfa;kfa_c
1400074;متوسطة المتنبي للبنين;kfa;kfa_c
1400075;ثانوية الحكيم المسائية للبنين;kfa;kfa_c
1400076;متوسطة حلب للبنين;kfa;kfa_c
1400077;متوسطة المصطفى للبنين;kfa;kfa_c
1400078;اعدادية الكوفة للبنات;kfa;kfa_c
1400079;متوسطة الشهيد عبدالمنعم فارس للبنات;kfa;kfa_c
1400080;اعدادية الزاكيات للبنات;kfa;kfa_c
1400081;متوسطة طول كرم للبنات;kfa;kfa_c
1400082;ثانوية حمورابي للبنين;kfa;kfa_c
1400083;اعدادية ميسان للبنين;kfa;kfa_c
1400084;ثانوية شط العرب للبنات;kfa;kfa_c
1400085;ثانوية الحرية للبنات;kfa;kfa_c
1400087;اعدادية مسلم بن عقيل المركزية للبنين;kfa;kfa_c
1400088;ثانوية الطليعة للبنات;kfa;kfa_c
1400089;متوسطة الرياض للبنين;kfa;kfa_c
1400090;متوسطة الزهور للبنات;kfa;kfa_c
1400091;متوسطة الامام زين العابدين للبنين;kfa;kfa_c
1400092;متوسطة الضفاف للبنات;kfa;kfa_c
1400093;متوسطة الصدرين للبنين;kfa;kfa_c
1400094;متوسطة العباسية للبنين;kfa;abb
1400095;ثانوية الرواد للبنين;kfa;abb
1400096;متوسطة غانم المحنة للبنين;kfa;abb
1400097;اعدادية زيد بن علي المختلطة;kfa;abb
1400098;متوسطة الفراهيدي المختلطة;kfa;abb
1400099;متوسطة قرطاجة للبنات;kfa;abb
1400100;متوسطة حلوان للبنين;kfa;abb
1400101;اعدادية المربد للبنين;kfa;abb
1400102;اعدادية الفدائي للبنين;kfa;hry
1400103;ثانوية الرملة للبنات;kfa;hry
1400104;ثانوية السلام للبنين;kfa;hry
1400105;متوسطة القدس للبنين;mnd;mnd_c
1400106;ثانوية القدس المسائية للبنين;mnd;mnd_c
1400107;اعدادية الشيخ احمد الوائلي للبنين;mnd;mnd_c
1400108;اعدادية صنعاء للبنات;mnd;mnd_c
1400109;اعدادية الحيرة للبنين;mnd;hir
1400110;ثانوية الفرسان للبنين;mnd;hir
1400111;اعدادية واسط للبنات;mnd;hir
1400112;ثانوية ابي تراب للبنين;mnd;mnd_c
1400113;ثانوية الاكرمين للبنات;mnd;mnd_c
1400114;متوسطة صنعاء للبنات;mnd;mnd_c
1400115;متوسطة ابو الاسود الدوؤلي للبنين;mnd;hir
1400116;اعدادية العزة للبنين;msh;msh_c
1400117;متوسطة المشخاب للبنين;msh;msh_c
1400118;ثانوية المناذرة للبنين;msh;msh_c
1400119;ثانوية الخوارزمي للبنين;msh;msh_c
1400120;ثانوية الزعيم عبدالواحد سكر المختلطة;msh;msh_c
1400121;متوسطة الامام جعفر الصادق للبنين;msh;msh_c
1400122;اعدادية عبدالله بن الحسين للبنات;msh;msh_c
1400123;متوسطة المشخاب للبنات;msh;msh_c
1400124;ثانوية الاسراء للبنات;msh;msh_c
1400125;ثانوية العلامة رضا الهندي المسائية للبنين;msh;msh_c
1400126;ثانوية تبارك المختلطة;msh;msh_c
1400127;متوسطة رشيد الهجري للبنين;msh;msh_c
1400128;ثانوية سفير الحسين للبنات;msh;msh_c
1400129;ثانوية نور الياسري المختلطة;msh;msh_c
1400130;اعدادية القادسية للبنات;msh;qds
1400131;ثانوية الانتصار المختلطة;msh;qds
1400132;ثانوية الميثاق المختلطة;msh;qds
1400133;متوسطة الثقافة للبنات;msh;qds
1400134;ثانوية الشهيد عبدالحميد علوان الياسري للبنين;msh;qds
1400135;روضة اطفال النجف المختلطة;njf;njf_c
1400136;روضة الحوراء المختلطة;njf;njf_c
1400137;روضة الاجيال المختلطة;njf;njf_c
1400138;روضة البراعم المختلطة;njf;njf_c
1400139;روضة الزيتون المختلطة;njf;njf_c
1400140;روضة النرجس المختلطة;njf;njf_c
1400141;روضة البيادر المختلطة;njf;njf_c
1400142;روضة الربيع المختلطة;njf;njf_c
1400143;روضة الهديل المختلطة;njf;njf_c
1400144;روضة الشهيدة احلام رزاق كاظم دبش المختلطة;njf;njf_c
1400145;روضة الغدير المختلطة;njf;njf_c
1400146;روضة العبير المختلطة;njf;njf_c
1400147;روضة المباهج المختلطة;njf;njf_c
1400148;روضة اطفال الثورة المختلطة;njf;njf_c
1400149;روضة الحسين المختلطة;njf;njf_c
1400150;روضة الشموع المختلطة;njf;njf_c
1400151;روضة قتيبة المختلطة;njf;njf_c
1400152;روضة الاستبرق المختلطة;njf;njf_c
1400153;روضة الافاق الرحبة المختلطة;njf;njf_c
1400154;روضة الزنابق المختلطة;njf;hyd
1400155;روضة اطفال الكوفة المختلطة;kfa;kfa_c
1400156;روضة الينابيع المختلطة;kfa;kfa_c
1400157;روضة الورود المختلطة;kfa;kfa_c
1400158;روضة الاصيل المختلطة;kfa;kfa_c
1400159;روضة الاريج المختلطة;kfa;kfa_c
1400160;روضة السندس المختلطة;kfa;kfa_c
1400161;روضة الياسمين المختلطة;kfa;abb
1400162;روضة الازاهير المختلطة;kfa;hry
1400163;روضة السدير المختلطة;mnd;mnd_c
1400164;روضة الشروق المختلطة;mnd;mnd_c
1400165;روضة الرياحين المختلطة;mnd;hir
1400166;روضة المشخاب المختلطة;msh;msh_c
1400167;روضة النسيم المختلطة;msh;msh_c
1400168;روضة القادسية المختلطة;msh;qds
1400169;اعدادية النجف المهنية للبنين;njf;njf_c
1400170;اعدادية الكوثر المهنية للبنين;njf;njf_c
1400171;اعدادية الغري المهنية للبنين;njf;njf_c
1400172;اعدادية الغري المهنية للبنات;njf;njf_c
1400173;اعدادية الكوفة المهنية للبنين;kfa;kfa_c
1400174;اعدادية المناذرة المهنية للبنين;mnd;mnd_c
1400179;ابتدائية الغفاري للبنين;njf;njf_c
1400180;ابتدائية الحيدرية للبنين;njf;njf_c
1400181;ابتدائية النضال للبنين;njf;njf_c
1400182;ابتدائية التهذيب للبنين;njf;njf_c
1400183;ابتدائية مالك الاشتر للبنين;njf;njf_c
1400184;ابتدائية حليف القرآن للبنين;njf;njf_c
1400185;ابتدائية اصحاب الكساء للبنين;njf;njf_c
1400186;أساسية السدير للبنين;njf;njf_c
1400187;ابتدائية الرهيمة المختلطة;njf;nur
1400188;ابتدائية الامير للبنين;njf;njf_c
1400189;ابتدائية التيسير للبنين;njf;njf_c
1400190;ابتدائية العاصفة للبنين;njf;njf_c
1400191;ابتدائية دعبل الخزاعي للبنين;njf;njf_c
1400192;ابتدائية التسامح المختلطة;njf;nur
1400193;أساسية دمشق للبنين;njf;njf_c
1400194;ابتدائية الصادق للبنين;njf;njf_c
1400195;ابتدائية الجولان للبنين;njf;njf_c
1400196;ابتدائية الشهيد وهاب الطالقاني الأجيال للبنين;njf;njf_c
1400197;أساسية بغداد للبنين;njf;njf_c
1400198;ابتدائية الصفاء للبنين;njf;njf_c
1400199;ابتدائية الغري للبنين;njf;njf_c
1400200;ابتدائية الأقدام للبنين;njf;njf_c
1400201;أساسية الامام الهادي للبنين;njf;njf_c
1400202;ابتدائية عدن للبنين;njf;njf_c
1400203;ابتدائية مصطفى جواد للبنين;njf;njf_c
1400204;ابتدائية الانتصار للبنين;njf;njf_c
1400205;ابتدائية الوثبة للبنين;njf;njf_c
1400206;ابتدائية الشريف الرضي للبنين;njf;njf_c
1400207;ابتدائية المعرفة للبنين;njf;njf_c
1400208;ابتدائية الشعب للبنين;njf;njf_c
1400209;ابتدائية الصافي النجفي للبنين;njf;njf_c
1400210;ابتدائية بدر الكبرى للبنين;njf;njf_c
1400211;ابتدائية الزهراء للبنات;njf;njf_c
1400212;ابتدائية أم قصر للبنات;njf;njf_c
1400213;ابتدائية الزينبية للبنات;njf;njf_c
1400214;ابتدائية سكينة للبنات;njf;njf_c
1400215;ابتدائية رام الله للبنات;njf;njf_c
1400216;ابتدائية الفضيلة للبنات;njf;njf_c
1400217;ابتدائية النهضة للبنات;njf;njf_c
1400218;ابتدائية الوطن للبنات;njf;njf_c
1400219;ابتدائية الفردوس للبنات;njf;njf_c
1400221;ابتدائية السنابل للبنات;njf;njf_c
1400222;ابتدائية فتح للبنات;njf;njf_c
1400223;ابتدائية العفة للبنات;njf;njf_c
1400224;ابتدائية النخيل للبنات;njf;njf_c
1400225;أساسية بلقيس للبنات;njf;njf_c
1400226;ابتدائية الافراح للبنات;njf;njf_c
1400227;ابتدائية الفراقد للبنات;njf;njf_c
1400228;ابتدائية المقاصد للبنات;njf;njf_c
1400229;ابتدائية دجلة للبنات;njf;njf_c
1400230;ابتدائية مصطفى جمال الدين للبنات;njf;njf_c
1400231;ابتدائية الانصاف للبنات;njf;njf_c
1400232;ابتدائية بردى للبنات;njf;njf_c
1400233;ابتدائية البيارق للبنات;njf;njf_c
1400234;ابتدائية الابداع للبنات;njf;njf_c
1400235;ابتدائية الاماني للبنات;njf;njf_c
1400236;ابتدائية نهج البلاغة للبنات;njf;njf_c
1400237;ابتدائية النور للبنات;njf;njf_c
1400238;ابتدائية الفرقان للبنات;njf;njf_c
1400239;ابتدائية الشيماء للبنات;njf;njf_c
1400240;ابتدائية الرسالة للبنات;njf;njf_c
1400241;ابتدائية القاهرة للبنات;njf;njf_c
1400242;ابتدائية الطائف للبنات;njf;njf_c
1400243;ابتدائية التراث العربي للبنات;njf;njf_c
1400244;ابتدائية تبوك للبنات;njf;njf_c
1400245;ابتدائية المكاسب للبنات;njf;njf_c
1400246;ابتدائية صفين للبنين;njf;njf_c
1400248;ابتدائية التضحية للبنات;njf;njf_c
1400249;ابتدائية حبيب بن مظاهر الاسدي للبنين;njf;njf_c
1400250;ابتدائية فتى الاسلام للبنين;njf;njf_c
1400251;ابتدائية المسعودي للبنين;njf;njf_c
1400252;ابتدائية حيفا للبنين;njf;njf_c
1400253;ابتدائية الحر الرياحي للبنين;njf;njf_c
1400254;ابتدائية ابي الفضل العباس للبنين;njf;njf_c
1400255;ابتدائية الانصار للبنين;njf;njf_c
1400256;ابتدائية المجد للبنات;njf;njf_c
1400257;ابتدائية السهل الاخضر للبنين;njf;njf_c
1400258;ابتدائية العصمة للبنات;njf;njf_c
1400259;ابتدائية الطبرسي للبنات;njf;njf_c
1400260;ابتدائية الابرار للبنين;njf;njf_c
1400261;ابتدائية المهاجرين للبنات;njf;njf_c
1400262;ابتدائية الرحمة للبنين;njf;njf_c
1400263;ابتدائية 6 كانون للبنات;njf;njf_c
1400264;ابتدائية الحوراء للبنات;njf;njf_c
1400265;ابتدائية البيعة الكبرى للبنات;njf;njf_c
1400266;ابتدائية الغدير للبنات;njf;njf_c
1400267;ابتدائية صور المختلطة;njf;njf_c
1400268;ابتدائية البراق للبنات;njf;njf_c
1400269;ابتدائية الخيرات للبنات;njf;njf_c
1400270;ابتدائية الرازي للبنات;njf;njf_c
1400271;ابتدائية الارتقاء للبنات;njf;njf_c
1400272;ابتدائية التضامن للبنات;njf;njf_c
1400273;ابتدائية المولد النبوي للبنين;njf;njf_c
1400274;ابتدائية العراق الحر للبنين;njf;njf_c
1400275;ابتدائية الهلال الخصيب للبنين;njf;njf_c
1400276;ابتدائية الهجرة للبنين;njf;njf_c
1400277;ابتدائية الفداء للبنين;njf;njf_c
1400278;ابتدائية السراج المنير للبنين;njf;njf_c
1400279;ابتدائية سعيد بن جبير للبنين;njf;njf_c
1400280;ابتدائية فدك للبنات;njf;njf_c
1400281;ابتدائية الفتوة للبنين;njf;njf_c
1400282;ابتدائية الشموخ للبنين;njf;njf_c
1400283;ابتدائية المرتضى للبنين;njf;njf_c
1400284;ابتدائية الرباب للبنات;njf;njf_c
1400285;ابتدائية ذو الفقار للبنين;njf;njf_c
1400286;ابتدائية البتول للبنات;njf;njf_c
1400287;ابتدائية زمزم للبنات;njf;njf_c
1400288;ابتدائية التوحيد للبنين;njf;njf_c
1400289;ابتدائية عبدالمطلب للبنين;njf;njf_c
1400290;ابتدائية الاسوة الحسنة للبنات;njf;njf_c
1400291;ابتدائية نسيبة الانصارية للبنات;njf;njf_c
1400292;ابتدائية الجنان للبنات;njf;njf_c
1400293;ابتدائية ابراهيم الخليل للبنين;njf;njf_c
1400294;ابتدائية عبدالله بن رواحة للبنين;njf;njf_c
1400295;ابتدائية ذات السلاسل للبنين;njf;njf_c
1400296;ابتدائية الحق المبين للبنات;njf;njf_c
1400297;ابتدائية الشرف للبنين;njf;njf_c
1400298;ابتدائية الامام الرضا للبنات;njf;njf_c
1400299;ابتدائية اليعقوبي للبنات;njf;njf_c
1400300;ابتدائية الدوحة للبنات;njf;njf_c
1400301;ابتدائية الرفاه للبنات;njf;njf_c
1400302;ابتدائية حجر بن عدي للبنين;njf;njf_c
1400303;ابتدائية جعفر بن ابي طالب للبنات;njf;njf_c
1400304;ابتدائية مصعب بن عمير للبنين;njf;njf_c
1400305;ابتدائية السلف الصالح للبنين;njf;njf_c
1400306;ابتدائية الود الحق للبنين;njf;njf_c
1400307;ابتدائية موسى بن نصير للبنين;njf;njf_c
1400308;ابتدائية قباء للبنين;njf;njf_c
1400309;ابتدائية بلاط الشهداء للبنات;njf;njf_c
1400310;ابتدائية ام القرى للبنين;njf;njf_c
1400311;ابتدائية النهرين للبنات;njf;njf_c
1400312;ابتدائية علي الأكبر للبنات;njf;njf_c
1400313;ابتدائية الامام زين العابدين للبنات;njf;njf_c
1400314;ابتدائية الامام المنتظر للبنات;njf;njf_c
1400315;ابتدائية الامام الباقر للبنين;njf;njf_c
1400316;ابتدائية القاسم للبنين;njf;njf_c
1400317;ابتدائية جابر الانصاري للبنين;njf;njf_c
1400318;ابتدائية الكوثر للبنين;njf;njf_c
1400319;ابتدائية الطوسي للبنين;njf;njf_c
1400320;ابتدائية البيان للبنات;njf;njf_c
1400321;ابتدائية سبأ للبنات;njf;njf_c
1400322;ابتدائية صيدا المختلطة;njf;rdw
1400323;ابتدائية الرحبة المختلطة;njf;rdw
1400324;ابتدائية الكاظمي للبنين;njf;hyd
1400325;ابتدائية الاصمعي المختلطة;njf;hyd
1400326;ابتدائية غرناطة المختلطة;njf;hyd
1400327;ابتدائية الفجر الجديد المختلطة;njf;hyd
1400328;ابتدائية الشموس للبنات;njf;hyd
1400329;ابتدائية الأنوار المختلطة;njf;hyd
1400330;ابتدائية الجيل الجديد المختلطة;njf;hyd
1400331;ابتدائية المعالي المختلطة;njf;hyd
1400332;ابتدائية محمد تقي الخوئي المختلطة;njf;hyd
1400333;ابتدائية الحبوبي للبنين;njf;hyd
1400334;ابتدائية النجوم للبنات;njf;hyd
1400335;ابتدائية مريم العذراء للبنات;njf;hyd
1400336;أساسية الشبكة المختلطة;njf;shb
1400337;ابتدائية ابن حيان للبنين;kfa;kfa_c
1400338;ابتدائية الكوفة العقيلية للبنين;kfa;kfa_c
1400339;ابتدائية التارية للبنين;kfa;kfa_c
1400340;ابتدائية السهيلية للبنين;kfa;kfa_c
1400341;ابتدائية هاني بن عروة للبنين;kfa;kfa_c
1400342;ابتدائية الكميت للبنين;kfa;kfa_c
1400343;ابتدائية الكميلية المختلطة;kfa;kfa_c
1400344;ابتدائية بلال الحبشي للبنين;kfa;kfa_c
1400345;ابتدائية عمار بن ياسر للبنين;kfa;kfa_c
1400346;ابتدائية المتنبي للبنين;kfa;kfa_c
1400347;ابتدائية المقداد للبنين;kfa;kfa_c
1400348;أساسية المصطفى للبنين;kfa;kfa_c
1400349;ابتدائية الصحابة للبنين;kfa;kfa_c
1400350;ابتدائية كندة للبنين;kfa;kfa_c
1400351;ابتدائية الاهرام للبنين;kfa;kfa_c
1400352;ابتدائية الرافدين للبنين;kfa;kfa_c
1400353;ابتدائية الشهيد الصباغ للبنين;kfa;kfa_c
1400354;ابتدائية الضفاف المختلطة;kfa;kfa_c
1400355;ابتدائية طرابلس المختلطة;kfa;kfa_c
1400356;ابتدائية القسطل للبنين;njf;hyd
1400357;ابتدائية مسلم بن عقيل للبنين;kfa;kfa_c
1400358;ابتدائية الفاطمية للبنات;kfa;kfa_c
1400359;ابتدائية الحكمة للبنات;kfa;kfa_c
1400360;ابتدائية ال البيت للبنات;kfa;kfa_c
1400361;ابتدائية ذات النطاقين للبنات;kfa;kfa_c
1400362;ابتدائية البويب للبنات;kfa;kfa_c
1400363;ابتدائية اور للبنات;kfa;kfa_c
1400364;ابتدائية السجود للبنات;kfa;kfa_c
1400365;ابتدائية السويس للبنات;kfa;kfa_c
1400366;ابتدائية خديجة للبنين;kfa;kfa_c
1400367;ابتدائية الازدهار للبنات;kfa;kfa_c
1400368;ابتدائية الاسكندرونة للبنات;kfa;kfa_c
1400369;ابتدائية الانعام للبنات;kfa;kfa_c
1400370;ابتدائية سيناء للبنين;kfa;kfa_c
1400371;ابتدائية تل الزعتر للبنات;kfa;kfa_c
1400372;ابتدائية المناهل للبنات;kfa;kfa_c
1400373;ابتدائية ام سلمة للبنات;kfa;kfa_c
1400374;ابتدائية نابلس للبنات;kfa;kfa_c
1400375;ابتدائية المثنى للبنين;kfa;kfa_c
1400376;ابتدائية ميسان للبنين;kfa;kfa_c
1400377;ابتدائية السياب للبنين;kfa;kfa_c
1400378;ابتدائية المزدلفة للبنين;kfa;kfa_c
1400379;ابتدائية الاخلاص للبنين;kfa;kfa_c
1400380;ابتدائية عرفات للبنات;kfa;kfa_c
1400381;ابتدائية الصفا والمروة المختلطة;kfa;kfa_c
1400382;ابتدائية البيت العتيق للبنات;kfa;kfa_c
1400383;ابتدائية مكة المكرمة للبنات;kfa;kfa_c
1400384;ابتدائية المؤمنات للبنات;kfa;kfa_c
1400385;ابتدائية بنت الهدى للبنات;kfa;kfa_c
1400386;ابتدائية النعيم للبنين;kfa;kfa_c
1400387;ابتدائية السبطين للبنات;kfa;kfa_c
1400388;ابتدائية رشيد الهجري للبنين;kfa;kfa_c
1400389;ابتدائية البقيع للبنات;kfa;kfa_c
1400390;ابتدائية بطلة كربلاء للبنات;kfa;kfa_c
1400391;ابتدائية المهدي للبنين;kfa;kfa_c
1400392;ابتدائية ميثم التمار للبنات;kfa;kfa_c
1400393;ابتدائية العروة الوثقى للبنين;kfa;kfa_c
1400394;ابتدائية الطالبية التربية الخاصة للبنين;kfa;kfa_c
1400395;ابتدائية طوعة المرادية للبنات;kfa;kfa_c
1400396;ابتدائية الامام موسى بن جعفر للبنين;kfa;kfa_c
1400397;ابتدائية العباس بن عبدالمطلب للبنين;kfa;kfa_c
1400398;ابتدائية طيبة للبنين;kfa;kfa_c
1400399;ابتدائية جنات النعيم للبنات;kfa;kfa_c
1400400;ابتدائية بطل خيبر للبنين;kfa;kfa_c
1400401;ابتدائية ابن بطوطة للبنين;kfa;kfa_c
1400402;ابتدائية الرقة للبنات;kfa;kfa_c
1400403;ابتدائية مسلم بن عوسجة للبنين;kfa;kfa_c
1400404;ابتدائية الفرقدين للبنات;kfa;kfa_c
1400405;ابتدائية الفواطم للبنات;kfa;kfa_c
1400406;ابتدائية المتقين للبنات;kfa;kfa_c
1400407;ابتدائية الاسماء الحسنى للبنين;kfa;kfa_c
1400408;ابتدائية سلسبيل للبنات;kfa;kfa_c
1400409;ابتدائية الميامين للبنين;kfa;kfa_c
1400410;ابتدائية النبأ العظيم للبنات;kfa;kfa_c
1400411;ابتدائية العباسية للبنين;kfa;abb
1400412;ابتدائية الفارابي للبنين;kfa;abb
1400413;ابتدائية الاحسان للبنين;kfa;abb
1400414;ابتدائية الخلود للبنين;kfa;abb
1400415;ابتدائية الافنان المختلطة;kfa;abb
1400416;ابتدائية الجوادين المختلطة;kfa;abb
1400417;ابتدائية المعري المختلطة;kfa;abb
1400418;ابتدائية الادريسي للبنين;kfa;abb
1400419;ابتدائية اسوان للبنين;kfa;abb
1400420;ابتدائية البحتري المختلطة;kfa;abb
1400421;ابتدائية النيل المختلطة;kfa;abb
1400422;ابتدائية امير المؤمنين للبنين;kfa;abb
1400423;ابتدائية ابن ماجد المختلطة;kfa;abb
1400424;ابتدائية بور سعيد المختلطة;kfa;abb
1400425;ابتدائية العدل المختلطة;kfa;abb
1400426;ابتدائية الرصافي للبنين;kfa;abb
1400427;ابتدائية الحياة المختلطة;kfa;abb
1400428;ابتدائية المقاتل العربي المختلطة;kfa;abb
1400429;ابتدائية بابل المختلطة;kfa;abb
1400430;ابتدائية المكارم المختلطة;kfa;abb
1400431;ابتدائية اسامة بن زيد المختلطة;kfa;abb
1400432;ابتدائية اجنادين المختلطة;kfa;abb
1400433;ابتدائية الفراهيدي المختلطة;kfa;abb
1400434;ابتدائية الاندلس للبنات;kfa;abb
1400435;ابتدائية الصمود نقل الى الفارابي للبنات;kfa;abb
1400436;ابتدائية القيروان للبنات;kfa;abb
1400437;ابتدائية الايثار للبنات;kfa;abb
1400438;ابتدائية زنوبيا للبنات;kfa;abb
1400439;ابتدائية شط العرب المختلطة;kfa;abb
1400440;ابتدائية الرارنجية للبنات;kfa;abb
1400441;ابتدائية الزوراء المختلطة;kfa;abb
1400442;ابتدائية المفاخر المختلطة;kfa;abb
1400443;ابتدائية المشاعل المختلطة;kfa;abb
1400444;ابتدائية ذات الصواري المختلطة;kfa;abb
1400445;ابتدائية ظفار المختلطة;kfa;abb
1400446;ابتدائية زرقاء اليمامة للبنات;kfa;abb
1400447;ابتدائية العلويين للبنين;kfa;abb
1400448;ابتدائية زينب بنت علي للبنات;kfa;abb
1400449;ابتدائية الرحمن للبنين;kfa;abb
1400450;ابتدائية شهيد المحراب المختلطة;kfa;abb
1400451;ابتدائية ابن خلدون للبنين;kfa;hry
1400452;ابتدائية الشماخية الإصلاح المختلطة;kfa;hry
1400453;ابتدائية الغزالي المختلطة;kfa;hry
1400454;ابتدائية الجماهير المختلطة;kfa;hry
1400455;ابتدائية القنيطرة للبنين;kfa;hry
1400456;ابتدائية لبنان العربي المختلطة;kfa;hry
1400457;ابتدائية ابن سينأ المختلطة;kfa;hry
1400458;ابتدائية امنة بنت وهب للبنات;kfa;hry
1400459;ابتدائية قرطبة المختلطة;kfa;hry
1400460;ابتدائية الغافقي المختلطة;kfa;hry
1400461;ابتدائية المستقبل المختلطة;kfa;hry
1400462;ابتدائية الشعلة المختلطة;kfa;hry
1400463;ابتدائية ابن رشد للبنين;kfa;hry
1400464;ابتدائية ام المؤمنين للبنات;kfa;hry
1400465;ابتدائية البصرة للبنات;kfa;hry
1400466;ابتدائية الحرية للبنين;kfa;hry
1400467;ابتدائية عمورية المختلطة;msh;qds
1400468;ابتدائية الثبات للبنين;msh;qds
1400469;ابتدائية العودة للبنين;msh;qds
1400470;ابتدائية العزيمة المختلطة;msh;qds
1400471;ابتدائية العامل المختلطة;msh;qds
1400472;ابتدائية البطحاء المختلطة;msh;qds
1400473;ابتدائية الثقافة للبنات;msh;qds
1400474;ابتدائية العريش للبنين;msh;qds
1400475;ابتدائية التعاون المختلطة;msh;qds
1400476;ابتدائية فاطمة بنت اسد للبنات;msh;qds
1400477;ابتدائية قريش للبنات;msh;qds
1400478;ابتدائية الرملة للبنات;msh;qds
1400479;ابتدائية الاقصى للبنات;msh;qds
1400480;ابتدائية زيد بن علي للبنات;msh;qds
1400481;متوسطة الثريا للبنين;msh;qds
1400482;ثانوية الشهداء للبنات;msh;qds
1400483;ابتدائية الاضواء للبنين;njf;njf_c
1400485;ابتدائية الشام للبنين;njf;njf_c
1400486;ابتدائية الروضتين للبنات;njf;njf_c
1400487;ابتدائية الاسكندرية للبنات;njf;njf_c
1400488;ابتدائية الرياض للبنات;njf;njf_c
1400489;ابتدائية الاولياء للبنين;njf;njf_c
1400490;ابتدائية الصفوة للبنين;njf;njf_c
1400491;ابتدائية الوفاق للبنين;njf;njf_c
1400492;ابتدائية المحبة للبنين;njf;njf_c
1400493;ابتدائية كربلاء للبنات;njf;njf_c
1400494;ابتدائية المنذرية للبنين;njf;njf_c
1400495;ابتدائية محمد رضا الشبيبي للبنات;njf;njf_c
1400496;ابتدائية الشرقي للبنين;njf;njf_c
1400497;ابتدائية الجامعة المختلطة;njf;njf_c
1400498;ابتدائية طه الرسول للبنين;njf;njf_c
1400499;ابتدائية السابقون للبنين;njf;njf_c
1400500;ابتدائية الشهيد مهدي الحكيم للبنات;njf;njf_c
1400501;ابتدائية خاتم الأنبياء للبنات;njf;njf_c
1400502;ابتدائية المستجار للبنين;njf;njf_c
1400503;ابتدائية الذكوات للبنات;njf;njf_c
1400504;ابتدائية الحسن المجتبى المختلطة;njf;hyd
1400505;ابتدائية سيد الشهداء المختلطة;njf;hyd
1400506;ابتدائية إقرأ المختلطة;njf;hyd
1400507;ابتدائية انوار الصحراء المختلطة;njf;hyd
1400508;ابتدائية شهداء جسر الائمة المختلطة;njf;hyd
1400509;ابتدائية العراق الجديد المختلطة;njf;hyd
1400510;ابتدائية النبي أيوب للبنين;njf;hyd
1400511;ابتدائية الغاضرية للبنات;njf;hyd
1400512;ابتدائية عباس الشاكري للبنين;njf;hyd
1400513;ابتدائية العلوية للبنات;kfa;kfa_c
1400514;ابتدائية المدثر المختلطة;njf;hyd
1400515;ابتدائية العباس بن علي للبنين;kfa;kfa_c
1400516;ابتدائية الطف للبنين;kfa;kfa_c
1400517;ابتدائية الانشراح للبنات;kfa;kfa_c
1400518;ابتدائية نور الزهراء للبنات;kfa;kfa_c
1400519;ابتدائية المناذرة للبنين;mnd;mnd_c
1400520;ابتدائية الرسول للبنين;mnd;mnd_c
1400521;ابتدائية الهدى للبنات;mnd;mnd_c
1400522;ابتدائية رفح للبنات;mnd;mnd_c
1400523;ابتدائية الحضر للبنات;mnd;mnd_c
1400524;ابتدائية ابن زيدون للبنين;mnd;mnd_c
1400525;ابتدائية الهاشميين للبنين;mnd;mnd_c
1400526;ابتدائية الضياء للبنين;mnd;mnd_c
1400527;ابتدائية الحيرة للبنين;mnd;hir
1400528;ابتدائية وادي العقيق للبنين;mnd;hir
1400529;ابتدائية الخورنق للبنين;msh;msh_c
1400530;ابتدائية التسبيح للبنين;mnd;hir
1400531;ابتدائية النعمان المختلطة;mnd;hir
1400532;ابتدائية الجواهري للبنين;mnd;hir
1400533;ابتدائية السلوك القويم للبنين;mnd;hir
1400534;ابتدائية ابطال الجولان للبنين;mnd;hir
1400535;ابتدائية التصميم المختلطة;mnd;hir
1400536;ابتدائية المغرب العربي للبنين;mnd;hir
1400537;ابتدائية تونس المختلطة;mnd;hir
1400538;ابتدائية النهوض المختلطة;mnd;hir
1400539;ابتدائية عمر المختار المختلطة;mnd;hir
1400540;ابتدائية الشمائل للبنات;mnd;hir
1400541;ابتدائية الخالصة للبنات;mnd;hir
1400542;ابتدائية المواهب للبنين;mnd;mnd_c
1400543;ابتدائية سعدى للبنات;mnd;hir
1400544;ابتدائية احد المختلطة;mnd;hir
1400545;ابتدائية العطاء المختلطة;mnd;hir
1400546;ابتدائية عبدالقادر الحسيني المختلطة;njf;rdw
1400547;ابتدائية البطولة للبنين;njf;rdw
1400548;ابتدائية المحمدية للبنين;mnd;hir
1400549;ابتدائية المعراج للبنات;njf;rdw
1400550;ابتدائية ام كلثوم بنت الحسين للبنات;mnd;mnd_c
1400551;ابتدائية محمد رضا المظفر للبنات;mnd;mnd_c
1400552;ابتدائية غار حراء للبنين;mnd;hir
1400553;ابتدائية جزيرة العرب للبنات;mnd;hir
1400554;ابتدائية الخضراء للبنات;mnd;hir
1400555;ابتدائية الميثاق للبنات;mnd;hir
1400556;ابتدائية مراكش المختلطة;mnd;hir
1400557;ابتدائية السجاد للبنات;mnd;hir
1400561;ابتدائية اشور المختلطة;msh;msh_c
1400562;ابتدائية الوجدان للبنين;msh;msh_c
1400563;ابتدائية العزة للبنين;msh;msh_c
1400564;ابتدائية الحديبية المختلطة;msh;msh_c
1400565;ابتدائية النجاح المختلطة;msh;msh_c
1400566;ابتدائية التأخي للبنين;msh;msh_c
1400567;ابتدائية السعادة للبنين;msh;msh_c
1400568;ابتدائية ثورة العشرين للبنين;msh;msh_c
1400569;ابتدائية الخمائل المختلطة;msh;msh_c
1400570;ابتدائية النبوغ للبنين;msh;msh_c
1400571;ابتدائية الشهيد راهي عبدالواحد للبنين;msh;msh_c
1400572;ابتدائية النهروان المختلطة;msh;msh_c
1400573;ابتدائية جنين للبنين;msh;msh_c
1400574;ابتدائية الفضائل للبنين;msh;msh_c
1400575;ابتدائية ابن الهيثم المختلطة;msh;msh_c
1400576;ابتدائية ابو تمام للبنين;msh;msh_c
1400577;ابتدائية البشائر المختلطة;msh;msh_c
1400578;ابتدائية ابي فراس المختلطة;msh;msh_c
1400579;ابتدائية الذهب للبنين;msh;msh_c
1400580;ابتدائية الحجاز للبنين;msh;msh_c
1400581;ابتدائية الكسائي المختلطة;msh;msh_c
1400582;ابتدائية بيروت المختلطة;msh;msh_c
1400583;ابتدائية المدينة للبنين;msh;msh_c
1400584;ابتدائية العرفان المختلطة;msh;msh_c
1400585;ابتدائية القبس للبنات;msh;msh_c
1400586;ابتدائية اليرموك للبنات;msh;msh_c
1400587;ابتدائية الاسراء للبنات;msh;msh_c
1400588;ابتدائية حليمة السعدية للبنات;msh;msh_c
1400589;ابتدائية الهناء للبنين;msh;msh_c
1400590;ابتدائية السرور المختلطة;msh;msh_c
1400591;ابتدائية نجد المختلطة;msh;msh_c
1400592;ابتدائية سامراء للبنين;msh;msh_c
1400593;ابتدائية الناصرة للبنات;msh;msh_c
1400594;ابتدائية النشىء الجديد المختلطة;msh;msh_c
1400595;ابتدائية العدنانية للبنين;msh;msh_c
1400596;ابتدائية زيد بن حارثة للبنات;msh;msh_c
1400597;ابتدائية ابن الاثير للبنين;msh;msh_c
1400598;ابتدائية الامجاد للبنين;msh;msh_c
1400599;ابتدائية المنار للبنات;msh;msh_c
1400600;ابتدائية فاطمة الزهراء للبنات;msh;msh_c
1400601;ابتدائية ام ال للبنات;msh;msh_c
1400602;ابتدائية نينوى للبنات;msh;msh_c
1400603;ابتدائية الزهاوي للبنات;msh;msh_c
1400604;ابتدائية محمد الدرة للبنات;msh;msh_c
1400605;ابتدائية الفاروق للبنات;msh;msh_c
1400606;ابتدائية الامل للبنات;msh;msh_c
1400607;تكميلي حسان بن ثابت للبنات;msh;msh_c
1400608;ابتدائية الخندق للبنات;msh;msh_c
1400609;ابتدائية الامام الجواد للبنين;msh;msh_c
1400610;ابتدائية الشورى للبنين;msh;qds
1400611;ابتدائية الياسرية للبنين;msh;qds
1400612;ابتدائية البلاغة للبنين;msh;qds
1400613;ابتدائية حطين للبنين;msh;qds
1400614;ابتدائية النصر المختلطة;msh;qds
1400615;ابتدائية النسر العربي المختلطة;msh;qds
1400616;ابتدائية الثقلين المختلطة;msh;qds
1400617;ابتدائية الجهاد المختلطة;msh;qds
1400618;ابتدائية القادسية للبنين;msh;qds
1400619;ابتدائية الامام العسكري المختلطة;msh;qds
1400620;ابتدائية يافا للبنين;msh;qds
1400621;ابتدائية الدار البيضاء المختلطة;msh;qds
1400622;ابتدائية غزة المختلطة;msh;qds
1400623;ابتدائية ليلة القدر المختلطة;msh;qds
1400624;ابتدائية دير ياسين المختلطة;msh;qds
1400625;ابتدائية الانفال للبنات;msh;qds
1400626;ابتدائية الثوار للبنات;msh;qds
1400627;ابتدائية عبدالصاحب دخيل للبنات;kfa;kfa_c
1400628;ابتدائية براثا للبنات;kfa;kfa_c
1400629;اعدادية الغدير المهنية المسائية للبنين;njf;njf_c
1400630;ثانوية اكد للبنين;kfa;kfa_c
1400631;اعدادية الكوفة المركزية للبنين;kfa;kfa_c
1400632;ابتدائية الرائد للبنين;kfa;abb
1400633;ابتدائية محمد بن الحسن المثنى المختلطة;kfa;abb
1400634;ابتدائية زهير بن القين للبنين;kfa;abb
1400635;ابتدائية الناصرية للبنات;kfa;hry
1400636;ابتدائية جنة المعلى للبنين;kfa;hry
1400637;ابتدائية اركان الكعبة للبنات;mnd;mnd_c
1400638;ابتدائية المشرق العربي للبنين;mnd;mnd_c
1400639;ابتدائية احمد الوائلي للبنين;mnd;hir
1400640;ابتدائية البركات للبنات;mnd;hir
1400643;ابتدائية الفيحاء للبنات;msh;msh_c
1400644;ابتدائية السؤدد للبنين;msh;msh_c
1400646;ابتدائية الافاق للبنين;msh;qds
1400648;اعدادية أسماء بنت عميس للبنات;njf;njf_c
1400649;ثانوية حذيفة بن اليمان للبنين;njf;njf_c
1400650;متوسطة وادي الرافدين للبنين;njf;njf_c
1400651;متوسطة 15 شعبان للبنات;njf;njf_c
1400652;اعدادية نور الحسين للبنات;njf;njf_c
1400653;ثانوية الضحى للبنات;njf;njf_c
1400654;متوسطة القانتات للبنات;njf;njf_c
1400655;متوسطة الشهيد مهدي العطار للبنين;njf;njf_c
1400656;اعدادية الحامدات للبنات;njf;njf_c
1400657;متوسطة ضيوف الرحمن للبنات;njf;njf_c
1400658;متوسطة الشهيد عادل ناصر للبنين;kfa;kfa_c
1400659;اعدادية الشهيد ماجد البدراوي للبنات;kfa;kfa_c
1400661;متوسطة الشهيد مضر الجنابي للبنات;kfa;kfa_c
1400662;ثانوية السهلة للبنات;kfa;kfa_c
1400663;اعدادية الشهيد عباس كاظم مراد للبنين;kfa;kfa_c
1400664;متوسطة دجلة للبنين;kfa;kfa_c
1400665;متوسطة عثمان علي العبيدي للبنين;kfa;abb
1400666;ثانوية السيرة النبوية المختلطة;kfa;abb
1400667;متوسطة الوهابي المختلطة;kfa;abb
1400668;متوسطة يحيى بن زيد للبنين;kfa;abb
1400669;متوسطة يعسوب الدين المختلطة;kfa;abb
1400670;اعدادية مروج الذهب للبنات;kfa;abb
1400671;ثانوية الاصلاح المختلطة;kfa;hry
1400672;متوسطة الشهيد خضير جاسم الارضي للبنين;kfa;hry
1400674;متوسطة المشهد الشريف للبنين;mnd;mnd_c
1400675;ثانوية الصالحين المختلطة;mnd;hir
1400676;متوسطة شهداء مؤته للبنين;mnd;hir
1400677;متوسطة الحيرة للبنات;mnd;hir
1400678;متوسطة شهداء الكاظمية للبنين;mnd;hir
1400679;متوسطة جمانة بنت ابي طالب المختلطة;msh;msh_c
1400680;متوسطة بطل العلقمي للبنين;msh;msh_c
1400681;متوسطة السيد الحميري للبنين;msh;qds
1400682;ابتدائية الشهيد مؤمل الصدر للبنات;njf;njf_c
1400683;ابتدائية البلد الأمين للبنات;njf;njf_c
1400684;ابتدائية الولاية للبنات;njf;njf_c
1400685;ابتدائية ناشئة الليل للبنات;njf;njf_c
1400686;ابتدائية الشهيد جواد شبر للبنات;njf;njf_c
1400688;ابتدائية الخشوع للبنين;njf;njf_c
1400689;ابتدائية الشهيد مصطفى الصدر للبنين;njf;hyd
1400690;ابتدائية سفينة النجاة للبنات;kfa;kfa_c
1400691;ابتدائية اللؤلؤ المنثور للبنين;kfa;kfa_c
1400692;ابتدائية البهاء للبنات;kfa;kfa_c
1400693;ابتدائية الطور للبنات;kfa;kfa_c
1400694;ابتدائية الشهيد عارف البصري للبنين;kfa;kfa_c
1400695;ابتدائية الخاشعين المختلطة;kfa;abb
1400696;ابتدائية العقيدة المختلطة;kfa;hry
1400698;ابتدائية الغسق للبنات;mnd;mnd_c
1400699;ابتدائية الاخاء للبنات;msh;msh_c
1400700;متوسطة ذي النفس الزكية للبنين;njf;njf_c
1400701;ثانوية الشفق للبنات;njf;njf_c
1400702;اعدادية هل أتى للبنين;njf;njf_c
1400703;متوسطة الحطيم للبنين;njf;njf_c
1400704;ثانوية مطلع الفجر للبنات;njf;njf_c
1400706;ثانوية النجف الاشرف للمتميزات للبنات;njf;njf_c
1400707;ثانوية النجف الاشرف للمتميزين للبنين;njf;njf_c
1400708;متوسطة بين الحرمين للبنين;njf;hyd
1400709;متوسطة القوارير للبنات;kfa;kfa_c
1400710;متوسطة الآمنين للبنين;kfa;hry
1400711;ابتدائية خير البرية للبنين;njf;njf_c
1400712;ابتدائية الدعاء المستجاب للبنات;njf;njf_c
1400713;ابتدائية المباهلة للبنين;njf;njf_c
1400714;متوسطة الصحف الأولى للبنين;njf;njf_c
1400715;متوسطة صفية بنت عبدالمطلب للبنات;msh;msh_c
1400716;ابتدائية شمس الشموس للبنين;njf;rdw
1400717;ابتدائية الرضوية للبنات;njf;rdw
1400718;ابتدائية الشهيد علي الرماحي للبنين;kfa;kfa_c
1400719;متوسطة العابدات للبنات;kfa;kfa_c
1400720;متوسطة اوتاد الأرض للبنين;njf;rdw
1400721;ابتدائية عبود غفلة للبنين;njf;njf_c
1400722;ابتدائية شيبة الحمد للبنين;kfa;kfa_c
1400723;ابتدائية عدنان زوين للبنين;njf;njf_c
1400724;مسرع مدينة العلم للبنين;njf;njf_c
1400725;مسرع الأقمار المنيرة للبنات;njf;njf_c
1400726;مسرع اعلام الدين للبنين;njf;njf_c
1400727;مسرع البيت المعمور للبنات;njf;njf_c
1400728;مسرع النبراس للبنات;njf;hyd
1400729;مسرع أم أبيها للبنين;njf;hyd
1400730;مسرع الرحيق للبنين;kfa;kfa_c
1400731;مسرع الوادي المقدس للبنات;kfa;kfa_c
1400732;مسرع زنة العرش للبنين;kfa;abb
1400733;مسرع الأزل للبنين;kfa;hry
1400734;مسرع البقعة المباركة للبنين;mnd;mnd_c
1400736;مسرع الأنجم الزاهرة للبنات;msh;msh_c
1400737;مسرع الطارق للبنين;msh;msh_c
1400738;مسرع الشهب الثاقبة للبنات;kfa;kfa_c
1400739;مسرع الرواسي للبنين;msh;qds
1400740;ثانوية الشهيد عز الدين سليم المختلطة;njf;hyd
1400742;ابتدائية الشهيد صاحب  العامري للبنات;mnd;hir
1400743;متوسطة مرج البحرين المختلطة;kfa;hry
1400744;ابتدائية الأطايب للبنات;njf;njf_c
1400745;متوسطة المسجد النبوي للبنين;kfa;kfa_c
1400746;متوسطة عمود الدين للبنين;kfa;kfa_c
1400747;ابتدائية المغفرة للبنات;njf;njf_c
1400748;ابتدائية الاعتماد للبنات;njf;njf_c
1400749;ابتدائية الأطهار للبنين;njf;rdw
1400750;ابتدائية الوارثين للبنين;kfa;kfa_c
1400751;متوسطة آدم للبنين;kfa;kfa_c
1400752;اعدادية سدرة المنتهى المركزية للبنين;njf;njf_c
1400753;ثانوية الموهوبين في النجف المختلطة;njf;njf_c
1400755;متوسطة السمات المختلطة;kfa;abb
1400756;ابتدائية الحور العين للبنات;njf;njf_c
1400757;ابتدائية الصحوة للبنين;njf;njf_c
1400758;ابتدائية الابتهاج للبنات;njf;njf_c
1400759;ابتدائية اسود الرافدين للبنين;njf;njf_c
1400760;روضة العسل المختلطة;njf;njf_c
1400761;ابتدائية حواء للبنات;njf;njf_c
1400762;ابتدائية الحواريون للبنين;njf;njf_c
1400763;ابتدائية القائم للبنين;njf;njf_c
1400764;ابتدائية البيداء للبنات;kfa;kfa_c
1400766;مسرع هاجر للبنات;kfa;abb
1400767;ابتدائية رايات الحق للبنين;kfa;kfa_c
1400768;ثانوية الازهر الشريف للبنين;kfa;kfa_c
1400769;متوسطة سيد البلغاء للبنين;kfa;kfa_c
1400770;ثانوية اركان الهدى المختلطة;msh;msh_c
1400773;ابتدائية عبدالله بن عباس للبنين;njf;njf_c
1400774;روضة جنة الزهراء المختلطة;njf;njf_c
1400775;ثانوية مهد الحضارات للبنات;njf;njf_c
1400776;ابتدائية ارض الانبياء للبنين;njf;njf_c
1400777;اعدادية الحدباء المركزية للبنات;kfa;kfa_c
1400778;ثانوية المناجاة المختلطة;msh;qds
1400779;روضة زهرة الوادي المختلطة;njf;njf_c
1400780;ابتدائية البشير للبنين;njf;njf_c
1400781;متوسطة بلاد النهرين للبنين;njf;njf_c
1400782;اعدادية الابتهال للبنين;njf;njf_c
1400783;متوسطة البسملة للبنين;njf;njf_c
1400784;ثانوية الصالحات للبنات;njf;njf_c
1400785;ابتدائية الروافد للبنات;njf;njf_c
1400787;ابتدائية ورقة بن نوفل للبنين;njf;njf_c
1400788;ابتدائية الرميلة للبنات;msh;msh_c
1400789;ثانوية ارض طوس المسائية للبنين;kfa;kfa_c
1400790;ثانوية مصباح الرشاد المسائية للبنين;njf;hyd
1400791;ثانوية المرجان للبنات;kfa;abb
1400792;متوسطة الوداد للبنات;kfa;kfa_c
1400793;ثانوية الحرية المسائية للبنين;kfa;hry
1400794;روضة طيور الجنة المختلطة;njf;njf_c
1400795;اعدادية سيد الانام للبنين;msh;msh_c
1400796;ثانوية الشهيد فاضل ابو صيبع المسائية للبنين;njf;njf_c
1400797;اعدادية المشكاة للبنات;kfa;kfa_c
1400798;اعدادية عبد الله بن عبدالمطلب للبنين;kfa;abb
1400799;اعدادية اللوح المحفوظ للبنين;njf;njf_c
1400800;ثانوية الفلك المسائية للبنين;msh;qds
1400801;ثانوية تدمر المسائية للبنين;kfa;kfa_c
1400802;ابتدائية الدر المكنون للبنات;kfa;abb
1400803;ابتدائية الوتر للبنين;njf;rdw
1400804;ثانوية الفيروز للبنات;kfa;kfa_c
1400806;ابتدائية الزقورة للبنات;kfa;abb
1400807;ثانوية صوت الحق للبنين;njf;hyd
1400808;ابتدائية السنبلة المختلطة;msh;qds
1400809;ابتدائية شجرة النبوة المختلطة;msh;qds
1400810;مسرع الركن اليماني للبنين;njf;njf_c
1400811;مسرع الحنائن المعلقة للبنات;njf;njf_c
1400812;مسرع الحزام الاخضر للبنات;njf;njf_c
1400813;مسرع السمو للبنين;njf;njf_c
1400814;مسرع الكنز للبنين;njf;hyd
1400819;مسرع يثرب للبنين;njf;rdw
1400820;ثانوية العباسية المسائية للبنين;kfa;abb
1400822;ثانوية السجايا الحسنة للبنات;msh;msh_c
1400823;ابتدائية الشهيد عبد الزهرة السلامي المختلطة;kfa;abb
1400824;ابتدائية المؤاخاة المختلطة;kfa;kfa_c
1400827;روضة ندى القلوب المختلطة;njf;njf_c
1400828;ابتدائية ال ابراهيم للبنين;njf;njf_c
1400829;ابتدائية الصديقة الطاهرة للبنات;njf;njf_c
1400830;ابتدائية الشريعة للبنات;njf;njf_c
1400831;ابتدائية ال ياسين للبنين;njf;njf_c
1400832;ابتدائية ال عمران للبنين;njf;njf_c
1400833;ابتدائية الفاضلات للبنات;njf;njf_c
1400834;ابتدائية العهد للبنات;njf;njf_c
1400835;ابتدائية التقوى للبنين;njf;njf_c
1400836;ابتدائية البينات للبنات;njf;njf_c
1400837;ابتدائية العزية المختلطة;njf;nur
1400838;ابتدائية كفيلة الايتام للبنات;njf;njf_c
1400839;ابتدائية دار العلم المختلطة;njf;hyd
1400840;ابتدائية مكارم الاخلاق المختلطة;njf;hyd
1400841;ابتدائية الليث الابيض للبنين;njf;hyd
1400842;ابتدائية القسيم المختلطة;njf;hyd
1400843;ابتدائية فاطمة الكبرى للبنات;njf;hyd
1400844;ابتدائية سيد الوصيين للبنين;kfa;kfa_c
1400845;ابتدائية خد العذراء للبنات;kfa;kfa_c
1400846;ابتدائية الطيبات للبنات;kfa;abb
1400847;ابتدائية ابو صخير للبنين;mnd;mnd_c
1400848;ابتدائية الجوهرة للبنات;mnd;mnd_c
1400849;ابتدائية القران الناطق المختلطة;mnd;hir
1400850;ابتدائية جنة العسكريين للبنين;msh;msh_c
1400851;ابتدائية الصراط المستقيم المختلطة;msh;msh_c
1400852;اعدادية الجزيرة للبنين;njf;njf_c
1400856;متوسطة القباب الذهبية للبنات;njf;njf_c
1400857;ثانوية الموعظة للبنات;njf;njf_c
1400858;متوسطة ابن الهيثم للبنات;njf;njf_c
1400859;متوسطة زهرة الوادي للبنات;njf;njf_c
1400860;متوسطة الظلال للبنات;njf;njf_c
1400861;اعدادية حسين علي محفوظ للبنين;njf;njf_c
1400863;متوسطة سعد بن عبادة للبنين;njf;njf_c
1400865;متوسطة جون المسائية للبنين;njf;njf_c
1400866;ثانوية الشيخ علي الصغير للبنات;njf;njf_c
1400867;ثانوية الدكتورمهدي الزومي للبنات;njf;njf_c
1400868;متوسطة السيدة فضة للبنات;kfa;kfa_c
1400869;متوسطة التار المختلطة;kfa;kfa_c
1400870;اعدادية الشهيد نعيم النفاخ للبنات;kfa;kfa_c
1400871;متوسطة العلامة الحلي للبنين;mnd;mnd_c
1400872;ثانوية المعارف للبنات;mnd;mnd_c
1400873;متوسطة الزمردة للبنات;msh;msh_c
1400876;ثانوية العراقية المختلطة;kfa;abb
1400877;ابتدائية ال يعقوب للبنات;njf;njf_c
1400878;ابتدائية المولى المقدس للبنين;njf;njf_c
1400879;ابتدائية الصافات للبنات;njf;njf_c
1400880;ابتدائية ابي طالب للبنين;njf;njf_c
1400881;ابتدائية اسية بنت مزاحم للبنات;njf;njf_c
1400882;ابتدائية حامل اللواء للبنين;kfa;kfa_c
1400883;ابتدائية ريحانة الرسول للبنات;mnd;hir
1400884;ابتدائية شمس الولاية للبنات;msh;msh_c
1400885;ثانوية شجرة الدر للبنات;njf;njf_c
1400886;متوسطة الدكتور علي جواد الطاهر للبنات;njf;njf_c
1400887;متوسطة الدكتور عبدالرزاق محي الدين للبنين;njf;njf_c
1400888;متوسطة نازك الملائكة للبنات;njf;njf_c
1400889;اعدادية جواد سليم للبنين;njf;njf_c
1400890;متوسطة بيت المقدس للبنين;njf;njf_c
1400891;اعدادية الابراج للبنين;mnd;mnd_c
1400892;متوسطة احباب العراق للبنات;mnd;mnd_c
1400894;اعدادية يوم الغدير للبنين;kfa;abb
1400895;متوسطة عبدالله المحض المختلطة;msh;qds
1400896;ابتدائية الشهيد شاكر الكفائي للبنين;kfa;kfa_c
1400897;ابتدائية الفائزين المختلطة;kfa;abb
1400898;ابتدائية الشهيد محمد علي نصار للبنين;njf;njf_c
1400899;ابتدائية دار المقامة للبنات;njf;njf_c
1400900;متوسطة سيدة النساء;njf;njf_c
1400901;ثانوية وليد الكعبة;njf;njf_c
1400902;ابتدائية سيدة النساء الابتدائية;njf;njf_c
1400903;ابتدائية وليد الكعبة;njf;njf_c
1400904;ثانوية سفير الحسين;kfa;kfa_c
1400905;ابتدائية فدك الابتدائية;kfa;kfa_c
1400907;أساسية منتدى النشر للبنين;njf;njf_c
1400908;ابتدائية عبدالله الرضيع المختلطة;njf;njf_c
1400910;أساسية الامام علي للبنات;njf;njf_c
1400911;أساسية الامام علي للبنين;njf;njf_c
1400914;ابتدائية القرآنية النموذجية المختلطة;njf;njf_c
1400915;ابتدائية منتدى النشر للبنات;njf;njf_c
1400916;ثانوية الامام علي بن ابي طالب للبنين;njf;njf_c
1400917;ثانوية الامام علي بن ابي طالب للبنات;njf;njf_c
1400918;أساسية دار الزهراء للبنين;njf;njf_c
1400919;أساسية دار الزهراء للبنات;njf;njf_c
1400920;أساسية العقيلة للبنين;kfa;kfa_c
1400921;أساسية العقيلة للبنات;kfa;kfa_c
1400922;ثانوية القاسم للبنين;njf;njf_c
1400923;ثانوية الرباب للبنات;njf;njf_c
1400927;ابتدائية محمد جواد مغنية للبنين;njf;njf_c
1400928;ابتدائية الخصال الحميدة للبنات;njf;njf_c
1400929;ابتدائية سيف الحق للبنين;njf;njf_c
1400930;ابتدائية كرماء العرب للبنين;njf;hyd
1400931;ابتدائية درة الشام للبنات;njf;hyd
1400932;ابتدائية زينة الحياة المختلطة;njf;hyd
1400933;ابتدائية حاتم الطائي المختلطة;njf;hyd
1400934;ابتدائية مصباح الهداية للبنات;kfa;kfa_c
1400935;ابتدائية باب الحوائج للبنات;mnd;mnd_c
1400936;ابتدائية الامام الموعود للبنين;msh;qds
1400937;ابتدائية الحضارة المختلطة;msh;qds
1400938;متوسطة الشيخ عبدالزهرة الكعبي للبنين;njf;njf_c
1400939;متوسطة الدكتور صالح الظالمي للبنين;njf;njf_c
1400940;اعدادية الدكتور عناد غزوان للبنين;njf;njf_c
1400941;متوسطة عاصمة الثقافة للبنات;njf;njf_c
1400942;ثانوية لواء الحمد للبنين;njf;hyd
1400943;ثانوية بضعة الرسول للبنات;njf;hyd
1400944;اعدادية الحيدرية المركزية المختلطة;njf;hyd
1400945;متوسطة الشهيد فلاح عبدالصاحب بلال للبنين;kfa;kfa_c
1400946;ثانوية تحف العقول للبنات;kfa;abb
1400947;اعدادية الافتخار للبنات;msh;msh_c
1400948;متوسطة جعفر الطيار المختلطة;msh;qds
1400953;معهد الفنون الجميلة للبنين;njf;njf_c
1400955;ابتدائية الرسل للبنات;njf;njf_c
1400956;ابتدائية غصن الزيتون للبنات;msh;qds
1400957;متوسطة الدكتور محمد حسين الاعرجي للبنات;njf;njf_c
1400958;متوسطة السجاد المسائية للبنين;njf;njf_c
1400959;ثانوية الريف الزاهر للبنات;njf;hyd
1400960;روضة الابتسامة المختلطة;njf;njf_c
1400962;مسرع الجواهر للبنات;njf;njf_c
1400963;ابتدائية الذاريات للبنات;njf;njf_c
1400964;ابتدائية الشهيد نزهان الجبوري للبنين;njf;njf_c
1400965;ابتدائية التفوق للبنين;njf;njf_c
1400966;ابتدائية الكعبة المشرفة للبنين;njf;njf_c
1400967;ابتدائية الصادق الامين المختلطة;msh;qds
1400968;متوسطة ام عمارة المسائية للبنات;njf;njf_c
1400969;متوسطة الشهيد ثابت عباس المواشي المختلطة;kfa;abb
1400970;ثانوية اولاد الكاظم المسائية للبنين;mnd;hir
1400971;متوسطة عقيل بن ابي طالب للبنين;msh;qds
1400972;ابتدائية دار العلوم المختلطة;njf;njf_c
1400973;ابتدائية دار العلوم للبنات;njf;njf_c
1400974;أساسية الانوار المختلطة;njf;njf_c
1400975;ابتدائية الامير المختلطة;njf;njf_c
1400976;أساسية البلال للبنين;kfa;kfa_c
1400977;ابتدائية البلال المختلطة;kfa;kfa_c
1400978;ثانوية المتنبي للبنين;njf;njf_c
1400979;ثانوية المتنبي للبنات;njf;njf_c
1400981;ثانوية ايليا للبنين;njf;njf_c
1400982;ثانوية عاصمة الثقافة للبنين;njf;njf_c
1400984;ثانوية بانيقيا للبنين;njf;njf_c
1400985;ثانوية بانيقيا للبنات;njf;njf_c
1400986;ثانوية المؤمل للبنين;njf;njf_c
1400987;ثانوية نور الهدى للبنات;njf;njf_c
1400989;ثانوية العين للبنين;njf;njf_c
1400990;متوسطة فدك;kfa;kfa_c
1400991;متوسطة بلال بن رباح للبنين;njf;njf_c
1400992;ابتدائية الشهيد حامد شبر المختلطة;njf;nur
1400994;ابتدائية ذو الكفل المختلطة;njf;hyd
1400995;ابتدائية ابي الاحرار المختلطة;njf;hyd
1400997;ابتدائية البصائر للبنات;mnd;mnd_c
1400998;روضة السندباد المختلطة;kfa;kfa_c
1400999;ابتدائية المرسلات للبنات;njf;njf_c
1401001;ابتدائية الام العراقية للبنات;njf;rdw
1401002;متوسطة الثناء للبنات;njf;njf_c
1401003;متوسطة الشهيد شاكر الياسري للبنين;njf;njf_c
1401004;روضة حمائم السلام المختلطة;njf;njf_c
1401005;ابتدائية الشهيد حسن شحاته للبنين;njf;njf_c
1401006;ابتدائية التسنيم للبنين;njf;njf_c
1401007;ابتدائية السلام للبنين;njf;njf_c
1401008;ابتدائية ثغر العراق للبنات;njf;njf_c
1401009;ابتدائية المآثر للبنات;njf;njf_c
1401010;ابتدائية التشريق للبنين;njf;njf_c
1401011;ابتدائية البشرى للبنات;njf;njf_c
1401012;ابتدائية يوم التروية للبنات;njf;njf_c
1401013;ابتدائية الذكر الحكيم للبنين;kfa;kfa_c
1401014;ابتدائية زيد بن صوحان للبنين;kfa;kfa_c
1401015;ابتدائية الديار المقدسة للبنين;mnd;mnd_c
1401016;ابتدائية النجم الثاقب للبنين;msh;msh_c
1401017;ابتدائية شريفة بنت الحسن للبنات;msh;msh_c
1401018;متوسطة الحسين بن روح للبنين;njf;njf_c
1401019;متوسطة عمار بن ياسر للبنين;njf;njf_c
1401020;ثانوية نرجس للبنات;njf;njf_c
1401021;ثانوية الغد المشرق المختلطة;njf;nur
1401022;ثانوية المسجد الاقصى للبنات;njf;njf_c
1401023;ثانوية الذاكرات للبنات;njf;njf_c
1401024;اعدادية الذاكرين للبنين;njf;njf_c
1401025;متوسطة ناصر حسين العنكوشي للبنين;njf;njf_c
1401026;ثانوية ال ياسر للبنين;njf;hyd
1401027;متوسطة المنارة للبنات;njf;hyd
1401028;ثانوية عين الحياة المسائية للبنات;kfa;kfa_c
1401030;ثانوية العدلة للبنات;mnd;hir
1401031;ثانوية البدور الساطعة للبنات;njf;rdw
1401032;ثانوية الاصالة للبنات;mnd;hir
1401033;متوسطة شقائق النعمان للبنين;mnd;hir
1401034;متوسطة امل المستقبل للبنات;mnd;hir
1401035;ثانوية المساواة للبنات;msh;msh_c
1401036;متوسطة السيد جعفر بحر العلوم للبنين;msh;msh_c
1401037;اعدادية الشيخ عبدالامير الفتلاوي للبنين;msh;msh_c
1401038;متوسطة الشيخ رحيم الحسناوي للبنين;msh;msh_c
1401039;معهد الفنون الجميلة للبنات;njf;njf_c
1401041;ابتدائية المتنبي للبنين;njf;njf_c
1401042;ابتدائية المتنبي للبنات;njf;njf_c
1401043;ابتدائية كنوز المرفة المختلطة;njf;njf_c
1401047;ابتدائية عاصمة الثقافة المختلطة;njf;njf_c
1401048;ابتدائية عاصمة الثقافة للبنات;njf;njf_c
1401049;ابتدائية الضياء المختلطة;njf;njf_c
1401050;ابتدائية الفرزدق للبنين;njf;njf_c
1401051;أساسية بيت الحكمة المختلطة;njf;njf_c
1401052;أساسية الحكمة المختلطة;njf;njf_c
1401053;ثانوية الجواهري المسائية للبنين;njf;njf_c
1401054;ثانوية الاباء المسائية للبنين;njf;njf_c
1401055;ثانوية الفرزدق للبنين;njf;njf_c
1401056;ثانوية المستقبل للبنين;njf;njf_c
1401058;ثانوية الياقوت للبنات;kfa;kfa_c
1401059;ثانوية الرحمن للبنين;kfa;kfa_c
1401061;اعدادية المنار للبنين;njf;njf_c
1401062;اعدادية المنار للبنات;njf;njf_c
1401064;ثانوية النجوم للبنين;kfa;kfa_c
1401065;ثانوية النجوم للبنات;kfa;kfa_c
1401066;ابتدائية الأعراف للبنات;njf;hyd
1401067;اعدادية صعصة بن صوحان للبنين;kfa;kfa_c
1401068;متوسطة العباسية للبنات;kfa;abb
1401069;ثانوية الرواد للبنات;kfa;abb
1401070;روضة اطفال المناذرة المختلطة;mnd;mnd_c
1401071;روضة اطفال الدسم المختلطة;mnd;hir
1401072;روضة البنفسج المختلطة;kfa;kfa_c
1401073;ثانوية سيد الكائنات للبنين;njf;njf_c
1401074;متوسطة الشاكرات للبنات;njf;njf_c
1401075;متوسطة فاطر للبنين;njf;njf_c
1401076;متوسطة الشاذروان للبنات;njf;njf_c
1401077;ثانوية آمرلي للبنات;njf;njf_c
1401079;متوسطة مرزوك ال عواد للبنين;njf;njf_c
1401080;ثانوية الجاف للبنين;njf;hyd
1401081;اعدادية النجف التجارية للبنين;njf;njf_c
1401082;ابتدائية الودق للبنات;njf;njf_c
1401083;ابتدائية المزمل للبنين;njf;njf_c
1401084;ابتدائية العارج للبنين;njf;njf_c
1401085;ابتدائية الشهيد فيصل الزاملي للبنين;njf;njf_c
1401086;ابتدائية الريحان للبنات;njf;njf_c
1401087;ابتدائية جرف النصر للبنات;njf;njf_c
1401088;ابتدائية تلعفر للبنين;njf;hyd
1401090;ابتدائية آمرلي المختلطة;njf;hyd
1401091;ابتدائية النبي يونس المختلطة;njf;hyd
1401092;ابتدائية السيد ابراهيم الغمر للبنين;kfa;kfa_c
1401093;ابتدائية الميزان المختلطة;kfa;kfa_c
1401094;ابتدائية الحشد الشعبي للبنين;mnd;mnd_c
1401095;ابتدائية الدرة البيضاء للبنات;mnd;mnd_c
1401096;ابتدائية المسار للبنين;mnd;mnd_c
1401097;ابتدائية انوار الغري نقل للمناذرة للبنين;mnd;mnd_c
1401098;ابتدائية الجواهري المختلطة;njf;njf_c
1401099;أساسية كميل بن زياد المختلطة;njf;njf_c
1401100;ابتدائية المنار للبنين;njf;njf_c
1401101;أساسية المنار للبنات;njf;njf_c
1401102;ابتدائية الجيل المختلطة;njf;njf_c
1401104;ابتدائية الانوار المحمدية المختلطة;njf;njf_c
1401106;ابتدائية ابن الهيثم المختلطة;njf;njf_c
1401107;ابتدائية ايليا للبنين;njf;njf_c
1401108;ابتدائية ايليا للبنات;njf;njf_c
1401111;ثانوية الفراهيدي للبنين;njf;njf_c
1401112;ثانوية الفراهيدي للبنات;njf;njf_c
1401113;ثانوية الامين للبنين;mnd;mnd_c
1401114;ثانوية ابن حيان للبنين;njf;njf_c
1401115;ثانوية ابن الهيثم للبنين;njf;njf_c
1401117;ثانوية الذكوات للبنين;msh;msh_c
1401118;ثانوية الذكوات للبنات;msh;msh_c
1401121;روضة العصافير المختلطة;njf;njf_c
1401122;روضة رقية بنت الحسين المختلطة;mnd;mnd_c
1401123;ابتدائية الاديب كاظم شكر للبنين;njf;njf_c
1401124;ابتدائية العاديات للبنات;njf;njf_c
1401126;ابتدائية الريان للبنات;njf;njf_c
1401127;ابتدائية الافاضة للبنين;njf;njf_c
1401128;ابتدائية بشائر الخير للبنات;njf;njf_c
1401129;ابتدائية مدينة الرسول المختلطة;njf;nur
1401130;ابتدائية الشهيد مثنى الكلابي المختلطة;njf;nur
1401131;ابتدائية النسمات للبنات;njf;njf_c
1401132;ابتدائية ال طه للبنين;njf;njf_c
1401133;ابتدائية المن والسلوى المختلطة;njf;hyd
1401134;ابتدائية المرتجى المختلطة;njf;hyd
1401135;ابتدائية الشهيد طالب عبيد الحدراوي للبنات;kfa;kfa_c
1401136;ابتدائية انوار الامين للبنين;kfa;kfa_c
1401137;ابتدائية الشهيد صلاح محمد رضا شربة للبنين;kfa;kfa_c
1401138;ابتدائية حسين عبود الحسن للبنات;kfa;kfa_c
1401139;ابتدائية الشهيد عبد الهادي عبود الجبوري للبنات;kfa;kfa_c
1401140;ابتدائية ريحانة المصطفى المختلطة;kfa;abb
1401141;ابتدائية الشهيد محسن كريم الطفيلي المختلطة;kfa;hry
1401142;ابتدائية الشجاعة للبنين;njf;rdw
1401143;ابتدائية الشهيدة امية جبارة للبنات;njf;rdw
1401144;ابتدائية ام وهب للبنات;njf;rdw
1401145;ابتدائية بيت النبوة للبنات;njf;njf_c
1401146;ابتدائية صاحب الحوض للبنين;njf;njf_c
1401147;ابتدائية النبي البشير المختلطة;msh;msh_c
1401148;ابتدائية الجهاد الكفائي المختلطة;msh;msh_c
1401149;متوسطة المسجد الحرام للبنين;njf;njf_c
1401150;متوسطة نور السموات للبنات;njf;hyd
1401151;متوسطة الشهيد حسن موسى البديري للبنين;kfa;kfa_c
1401152;متوسطة الشهيد رضا البديري المختلطة;kfa;abb
1401154;روضة النوارس البيضاء المختلطة;njf;njf_c
1401156;ابتدائية المظفر المختلطة;njf;njf_c
1401157;ابتدائية الغدير المختلطة;njf;njf_c
1401160;ابتدائية بانيقيا للبنين;njf;njf_c
1401161;ابتدائية بانيقيا للبنات;njf;njf_c
1401162;ابتدائية النوارس للبنين;njf;njf_c
1401163;ابتدائية النوارس للبنات;njf;njf_c
1401164;أساسية انوار الغدير للبنين;njf;njf_c
1401165;أساسية انوار الغدير للبنات;njf;njf_c
1401166;ابتدائية الحوراء المختلطة;njf;njf_c
1401167;ابتدائية عبد الله بن الحسين ليهما السلام للبنين;kfa;kfa_c
1401168;ابتدائية فاطمة الزهراء للبنات;kfa;kfa_c
1401169;ابتدائية الاندلس المختلطة;mnd;mnd_c
1401170;ابتدائية الامام الحسين للبنين;mnd;mnd_c
1401172;ثانوية ايليا للبنات;njf;njf_c
1401178;ثانوية القصواء للبنين;kfa;kfa_c
1401179;ابتدائية القصواء المختلطة;kfa;kfa_c
1401180;ثانوية الكوثر للبنين;njf;njf_c
1401181;ثانوية الاندلس للبنين;mnd;mnd_c
1401182;ثانوية الاندلس للبنات;mnd;mnd_c
1401183;ابتدائية ملائكة الرحمة للبنات;njf;njf_c
1401184;ابتدائية العترة الطاهرة;njf;njf_c
1401185;روضة انوار الحسن المجتبى المختلطة;kfa;hir
1401186;ابتدائية تاج الدين المختلطة;msh;msh_c
1401187;ابتدائية الموصل الحرة للبنين;njf;njf_c
1401188;ابتدائية المشعر الحرام للبنين;njf;njf_c
1401189;ابتدائية سنجار للبنات;njf;hyd
1401190;ابتدائية الزاهدين للبنين;kfa;abb
1401192;ابتدائية الشهيد نمير الفتلاوي المختلطة;mnd;hir
1401195;روضة السنافر المختلطة;njf;njf_c
1401196;ابتدائية البرهان المختلطة;njf;njf_c
1401197;ابتدائية الشريف الرضي المختلطة;njf;njf_c
1401199;ابتدائية الامام علي الهادي المختلطة;njf;njf_c
1401200;ابتدائية الامجاد المختلطة;njf;njf_c
1401201;ابتدائية الفرقان المختلطة;njf;njf_c
1401202;ابتدائية الادريسي المختلطة;njf;njf_c
1401203;ابتدائية صدى الحيدرية المختلطة;njf;hyd
1401204;ابتدائية السبطين المختلطة;kfa;kfa_c
1401205;أساسية الطموح للبنين;kfa;kfa_c
1401206;ابتدائية المرتضى المختلطة;kfa;abb
1401207;ابتدائية اقرا المختلطة;msh;msh_c
1401208;ثانوية القمة للبنين;njf;njf_c
1401209;ثانوية القمة للبنات;njf;njf_c
1401212;اعدادية دار الزهراء للبنين;njf;njf_c
1401213;اعدادية دار الزهراء للبنات;njf;njf_c
1401214;ثانوية صدى الحيدرية للبنين;njf;hyd
1401215;ثانوية باب العلم للبنين;kfa;kfa_c
1401216;متوسطة عمرو بن جنادة الانصاري للبنين;kfa;abb
1401217;متوسطة شهداء الحرية للبنات;kfa;hry
1401218;ثانوية صدى الحيدرية للبنات;njf;hyd
1401219;متوسطة عطاء الكوفة للبنات;kfa;kfa_c
1401220;اعدادية النجف المهنية للبنات;njf;njf_c
1401221;ابتدائية بحار الانوار للبنات;njf;njf_c
1401222;ابتدائية شهداء العباسية المختلطة;kfa;abb
1401223;ابتدائية السيدة حكيمة للبنات;kfa;abb
1401224;ابتدائية الصادقين للبنين;njf;rdw
1401225;ابتدائية شهداء الرضوية للبنين;njf;rdw
1401226;متوسطة راية النصر للبنات;njf;njf_c
1401227;متوسطة زها حديد للبنات;njf;njf_c
1401228;متوسطة ام الكتاب للبنات;njf;njf_c
1401229;اعدادية منعم عبدالزهرة شبر للبنين;kfa;kfa_c
1401230;متوسطة احفاد مالك الاشتر المختلطة;kfa;abb
1401232;ابتدائية الغد المختلطة;njf;njf_c
1401233;ابتدائية براثا المختلطة;njf;njf_c
1401234;ابتدائية صافي صفا المختلطة;njf;njf_c
1401235;ابتدائية التار المختلطة;njf;njf_c
1401236;ابتدائية زدني علماً المختلطة;njf;njf_c
1401237;أساسية باقر العلوم للبنين;njf;njf_c
1401238;ابتدائية ذو الفقار المختلطة;njf;njf_c
1401239;أساسية انصار الامام الحسين للبنين;njf;njf_c
1401240;أساسية انصار الامام الحسين للبنات;njf;njf_c
1401241;ابتدائية قبس الغري المختلطة;njf;njf_c
1401242;ابتدائية منارة العلم المختلطة;njf;njf_c
1401243;ابتدائية بلاد الامير المختلطة;njf;njf_c
1401244;ابتدائية المهندسين المختلطة;njf;njf_c
1401246;ابتدائية الفراهيدي المختلطة;njf;njf_c
1401247;ابتدائية قطر الندى المختلطة;njf;njf_c
1401248;ابتدائية يوسف الصديق المختلطة;njf;njf_c
1401249;ابتدائية بيتي المختلطة;njf;njf_c
1401250;ثانوية بيتي للبنات;njf;njf_c
1401251;ابتدائية الشجرة الطيبة المختلطة;njf;njf_c
1401252;أساسية افاق العلم للبنات;kfa;kfa_c
1401253;ابتدائية الياسري المختلطة;kfa;kfa_c
1401254;ابتدائية الاوائل المختلطة;kfa;kfa_c
1401255;ابتدائية السفراء المختلطة;kfa;kfa_c
1401256;ابتدائية الافق الجديد المختلطة;kfa;kfa_c
1401257;ابتدائية كوفان المختلطة;kfa;kfa_c
1401258;ابتدائية الجنائن المختلطة;kfa;kfa_c
1401259;ابتدائية القلم المختلطة;kfa;kfa_c
1401260;ابتدائية سما النجف المختلطة;kfa;abb
1401261;ابتدائية ريحانة المصطفى المختلطة;kfa;hry
1401262;ابتدائية الفلق المختلطة;mnd;mnd_c
1401263;ثانوية براثا للبنن للبنين;njf;njf_c
1401264;ثانوية براثا للبنات;njf;njf_c
1401265;ثانوية طريق الجنة للبنين;njf;njf_c
1401267;ثانوية القصواء المسائية للبنين;njf;njf_c
1401268;ثانوية الرؤيا للبنات;njf;njf_c
1401269;ابتدائية العين المختلطة;njf;hyd
1401270;ابتدائية الشهيد ابو تحسين الصالحي للبنين;njf;njf_c
1401271;ابتدائية عطاء النجف للبنين;njf;njf_c
1401272;ابتدائية عطاء النجف للبنات;njf;njf_c
1401273;ثانوية ينابيع الرحمة المختلطة;mnd;hir
1401274;ثانوية الواقعة للبنات;msh;msh_c
1401275;روضة سما المختلطة;njf;njf_c
1401276;ابتدائية احفاد حاتم الطائي المختلطة;njf;hyd
1401277;روضة الوارث المختلطة;njf;njf_c
1401279;ابتدائية اليقين المختلطة;njf;njf_c
1401280;ابتدائية الصفا المختلطة;njf;njf_c
1401281;ابتدائية عطر الجنة للبنات;njf;njf_c
1401282;ثانوية انوار المستقبل للبنين;kfa;abb
1401283;ثانوية انوار المستقبل للبنات;kfa;abb
1401284;أساسية العاصمة للبنين;kfa;kfa_c
1401285;أساسية سما بغداد للبنين;kfa;kfa_c
1401286;ابتدائية الامناء المختلطة;kfa;kfa_c
1401287;أساسية ايات الرحمن للبنين;kfa;kfa_c
1401288;ابتدائية العلمين المختلطة;kfa;abb
1401289;ابتدائية الاريج المختلطة;kfa;kfa_c
1401290;ابتدائية الميسم للبنات;njf;njf_c
1401291;أساسية علي بن يقطين للبنين;njf;njf_c
1401292;ابتدائية الكمال المختلطة;njf;njf_c
1401295;ابتدائية الشهيد كريم الخاقاني للبنين;njf;njf_c
1401296;ابتدائية القرطاس المختلطة;kfa;kfa_c
1401297;أساسية حمائم السلام المختلطة;kfa;kfa_c
1401298;ابتدائية آيسن المختلطة;njf;njf_c
1401300;ابتدائية انوار الضياء الخيرية المختلطة;njf;njf_c
1401301;ثانوية نور المعرفة للبنات;msh;msh_c
1401302;ثانوية نور المعرفة للبنين;msh;msh_c
1401303;ابتدائية احباب المرتضى المختلطة;njf;njf_c
1401304;ثانوية الحسنات للبنات;njf;njf_c
1401306;أساسية راعي الاصلاح للبنين;kfa;kfa_c
1401307;أساسية الرؤية للبنات;kfa;kfa_c
1401308;ابتدائية الرحاب للبنين;njf;njf_c
1401309;أساسية تنمية وتطوير للبنين;njf;njf_c
1401310;أساسية تنمية وتطوير للبنات;njf;njf_c
1401311;ابتدائية قنبر للبنين;njf;njf_c
1401312;ابتدائية فاطمة الصغرى للبنات;njf;njf_c
1401314;ابتدائية الوئام للبنات;njf;rdw
1401315;اعدادية القادسية للبنين;msh;qds
1401316;متوسطة ريحانة المصطفى للبنين;kfa;hry
1401317;ثانوية ريحانة المصطفى للبنات;njf;njf_c
1401318;روضة كفيلة الايتام المختلطة;njf;njf_c
1401319;ابتدائية انوار المرتضى المختلطة;kfa;abb
1401320;ثانوية المرتضى للبنين;kfa;abb
1401321;ثانوية العلا للبنات;kfa;abb
1401322;روضة احباب المرتضى المختلطة;njf;njf_c
1401323;ابتدائية الاعتدال للبنات;mnd;hir
1401325;ابتدائية الف باء للبنين;njf;njf_c
1401326;ابتدائية الف باء للبنات;njf;njf_c
1401327;ابتدائية الفهد المختلطة;kfa;abb
1401328;ثانوية الفرقان للبنين;njf;njf_c
1401329;أساسية السفير للبنين;kfa;kfa_c
1401330;أساسية نور السفير للبنات;kfa;kfa_c
1401331;ابتدائية التراث للبنين;kfa;kfa_c
1401332;ابتدائية التراث للبنات;kfa;kfa_c
1401333;ابتدائية الورود المختلطة;njf;njf_c
1401334;ثانوية الخالد للبنين;njf;njf_c
1401335;أساسية علي بن يقطين للبنات;njf;njf_c
1401336;أساسية الأسطورة للبنات;njf;njf_c
1401337;أساسية الأسطورة للبنين;njf;njf_c
1401338;ثانوية منارة المستقبل للبنين;njf;njf_c
1401339;ابتدائية بيادر الخير المختلطة;njf;hyd
1401340;اعدادية العقيلة للبنات;kfa;kfa_c
1401341;ابتدائية دارك المختلطة;njf;njf_c
1401342;ابتدائية اجيال الحيدرية المختلطة;njf;hyd
1401344;اعدادية هدى الصدر للبنات;kfa;kfa_c
1401345;اعدادية الاشراق للبنات;msh;msh_c
1401346;ثانوية الامراء للبنين;njf;njf_c
1401347;ثانوية الاميرات للبنات;njf;njf_c
1401348;ابتدائية نبراس العلم للبنين;njf;njf_c
1401350;أساسية سما بغداد للبنات;kfa;kfa_c
1401351;أساسية ايات الرحمن للبنات;kfa;kfa_c
1401352;تكميلي الكوفة المختلطة;kfa;kfa_c
1401354;ابتدائية نون المختلطة;kfa;kfa_c
1401356;ابتدائية الخالد المختلطة;njf;njf_c
1401357;ابتدائية باب الرجاء المختلطة;msh;msh_c
1401358;ابتدائية عقد الولاء المختلطة;njf;rdw
1401360;ثانوية عقد الولاء للبنين;njf;rdw
1401361;ثانوية عقد الولاء للبنين;njf;rdw
1401362;ثانوية عشتار للبنين;njf;njf_c
1401363;ثانوية الامتياز للبنات;njf;njf_c
1401364;ابتدائية الامتياز المختلطة;njf;njf_c
1401366;ثانوية اوروك (صناع الأوائل) للبنين;njf;njf_c
1401367;أساسية انوار السجاد للبنين;kfa;kfa_c
1401368;ابتدائية انوار السجاد الابتدائية للبنات;kfa;kfa_c
1401369;ابتدائية الشهيد عبدالرضا الفياض للبنين;njf;njf_c
1401370;ابتدائية الشهيد جعفر المظفر للبنات;njf;njf_c
1401371;ابتدائية النجوى للبنات;njf;njf_c
1401372;ابتدائية العوالي للبنين;njf;njf_c
1401373;ابتدائية الياسمين للبنات;njf;njf_c
1401374;اعدادية الريادة المركزية للبنات;kfa;abb
1401376;ثانوية رواد السلام للبنين;kfa;kfa_c
1401377;ثانوية رواد السلام للبنات;kfa;kfa_c
1401378;ابتدائية الذكوات البيض المختلطة;msh;msh_c
1401379;ثانوية زهور الجنائن للبنين;kfa;kfa_c
1401380;ثانوية زهور الجنائن للبنات;kfa;kfa_c
1401381;ثانوية الكوفة للمتميزات للبنات;kfa;kfa_c
1401382;ابتدائية الشيخ حاتم حسن الشي للبنين;kfa;hry
1401383;متوسطة معصومة للبنات;njf;rdw
1401384;ابتدائية الاوسمة للبنات;njf;njf_c
1401385;متوسطة الاغاريد للبنات;njf;njf_c
1401386;ابتدائية الكتاب للبنين;njf;rdw
1401387;متوسطة سومر للبنات;njf;njf_c
1401388;ثانوية العلامة باقر الموسوي المختلطة;njf;hyd
1401389;ثانوية المتفوقين للبنين;njf;njf_c
1401390;ثانوية المتفوقات للبنات;njf;njf_c
1401391;متوسطة الفوارس المختلطة;kfa;abb
1401392;ابتدائية الربوة للبنات;kfa;kfa_c
1401393;أساسية الوارقة للبنات;kfa;kfa_c
1401394;ابتدائية عبدالكريم الفحام للبنات;kfa;kfa_c
1401395;ابتدائية بشائر النصر للبنات;kfa;abb
1401396;ابتدائية الاصائل للبنين;kfa;abb
1401398;ابتدائية الفسائل المختلطة;kfa;abb
1401399;ثانوية طريق الجنة للبنات;njf;njf_c
1401400;أساسية الخورنق للبنات;kfa;kfa_c
1401401;ثانوية الابداع للبنات;msh;msh_c
1401402;روضة الملاك المختلطة;njf;njf_c
1401403;ابتدائية رواسي العلم المختلطة;njf;njf_c
1401404;أساسية حلب للبنين;kfa;kfa_c
1401405;ابتدائية كندة المختلطة;kfa;kfa_c
1401406;ابتدائية در النجف للبنين;kfa;kfa_c
1401407;ابتدائية در النجف للبنات;kfa;kfa_c
1401408;ثانوية در النجف للبنين;kfa;kfa_c
1401410;ابتدائية دار الحسين المختلطة;njf;njf_c
1401414;متوسطة الحسنين للبنين;njf;njf_c
1401415;متوسطة الفاطميات للبنات;njf;njf_c
1401416;ثانوية الكوفة للمتفوقين للبنين;kfa;kfa_c
1401417;ثانوية الكوفة للمتفوقات للبنات;kfa;kfa_c
1401418;روضة المبدعون الصغار المختلطة;njf;njf_c
1401419;ابتدائية لغة الضاد المختلطة;njf;njf_c
1401420;ابتدائية العدالة المختلطة;njf;njf_c
1401421;أساسية البروج المختلطة;kfa;kfa_c
1401422;ابتدائية انوار الكفيل للبنين;msh;msh_c
1401423;ابتدائية انوار الكفيل للبنات;msh;msh_c
1401424;ثانوية صافي صفا للبنين;njf;njf_c
1401425;ثانوية نبراس العلم للبنات;njf;njf_c
1401426;اعدادية العقيلة للبنين;kfa;kfa_c
1401427;ثانوية انوار الكفيل للبنين;msh;msh_c
1401428;ثانوية انوار الكفيل للبنات;msh;msh_c
1401429;اليمامة للبنات;njf;njf_c
1401430;التتويج للبنات;njf;njf_c
1401431;ابتدائية فيض الكوثر للبنات;njf;njf_c
1401432;ابتدائية الجمان للبنات;njf;njf_c
1401433;ابتدائية مهدي غني الكوفي للبنين;kfa;kfa_c
1401434;ابتدائية الانهار المختلطة;kfa;abb
1401435;ابتدائية المهيار المختلطة;kfa;abb
1401436;ثانوية ثاانوية المناذرة للمتفوقين للبنين;mnd;mnd_c
1401437;ثانوية المناذرة للمتفوقات للبنات;mnd;mnd_c
1401438;روضة لولو كاتي المختلطة;kfa;kfa_c
1401439;أساسية التعليم المطور للبنين;njf;njf_c
1401440;ابتدائية التعليم المطور للبنات;njf;njf_c
1401441;ابتدائية ينابيع المعرفة المختلطة;kfa;kfa_c
1401442;أساسية طوى للبنين;kfa;kfa_c
1401443;ثانوية در النجف للبنات;kfa;kfa_c
1401444;متوسطة ينابيع المعرفة للبنات;kfa;kfa_c
1401445;ابتدائية الخوارزمي المختلطة;njf;njf_c
1401446;اعدادية الشناشيل للبنات;njf;njf_c
1401447;تكميلي البوادي للبنات;njf;hyd
1401448;ابتدائية المرام للبنات;njf;njf_c
1401449;ثانوية طريق الاحرار للبنين;njf;hyd
1401450;ثانوية الالباب للبنين;njf;nur
1401451;اعدادية الشهيد ابو مهدي المهندس للبنين;njf;njf_c
1401452;متوسطة الشهيد قصي العيساوي للبنات;kfa;kfa_c
1401453;أساسية الخورنق للبنين;kfa;kfa_c
1401454;ابتدائية رسول الرحمة المختلطة;njf;hyd
1401455;ثانوية المرفأ للبنات;njf;njf_c
1401456;متوسطة الشهيد محمد عدنان الوادي للبنات;kfa;kfa_c
1401457;اعدادية ولاء الكوفة للبنات;kfa;kfa_c
1401458;متوسطة شهداء منطقة الوهابي للبنات;kfa;abb
1401459;ابتدائية العهد الزاهر للبنين;njf;njf_c
1401460;ابتدائية جنائن بابل للبنات;njf;njf_c
1401461;ابتدائية البراء للبنات;mnd;mnd_c
1401462;ثانوية الاصفياء للبنين;njf;njf_c
1401463;ثانوية درة المحيط للبنات;njf;njf_c
1401464;ثانوية العراق للبنين;njf;njf_c
1401465;ثانوية الخالدات للبنات;mnd;mnd_c
1401467;ابتدائية سما العراق للبنين;njf;njf_c
1401468;ابتدائية سما العراق للبنات;njf;njf_c
1401469;ثانوية سما العراق للبنين;njf;njf_c
1401470;ثانوية سما العراق للبنات;njf;njf_c
1401473;متوسطة فتيان المستقبل للبنين;njf;njf_c
1401474;ابتدائية نور العلم للبنين;njf;rdw
1401475;ثانوية شذى الامامة للبنات;njf;hyd
1401476;متوسطة الماسة الزرقاء للبنات;njf;njf_c
1401477;ثانوية الكواكب المنيرة للبنات;njf;njf_c
1401478;ابتدائية العشق الحسيني للبنين;njf;njf_c
1401479;ثانوية البنيان المرصوص للمتفوقات للبنات;kfa;kfa_c
1401480;ابتدائية البعد الرابع للبنين;njf;njf_c
1401481;ابتدائية ازهار الربيع للبنات;njf;njf_c
1401482;ابتدائية حماة الوطن للبنين;njf;njf_c
1401483;متوسطة الأجيال الواعدة للبنين;njf;njf_c
1401484;ابتدائية المبدعات للبنات;mnd;hir
1401485;متوسطة مسيرة الخلود للبنات;njf;njf_c
1401486;متوسطة الضرغام للبنين;njf;rdw
1401487;ثانوية جوهرة البقيع للبنات;njf;rdw
1401488;ابتدائية البواسل للبنين;njf;njf_c
1401489;ثانوية منهج الصالحين للمتميزين للبنين;kfa;kfa_c
1401490;ثانوية منهاج النبوة للبنات;njf;njf_c
1401491;ابتدائية الجود تنمية الاقاليم للبنين;njf;njf_c
1401492;ابتدائية الهاشميات للبنات;kfa;kfa_c
1401493;متوسطة عبدالله الازدي للبنين;kfa;kfa_c
1401494;مسرع حياة شرارة للبنات;njf;njf_c
1401495;ثانوية ال الصدر الكرام للبنات;mnd;hir
1401496;ثانوية خولة بنت الحسين للبنات;msh;msh_c
1401497;ابتدائية ال محمد للبنات;mnd;hir
1401498;ابتدائية الكرم للبنات;njf;njf_c
1401499;متوسطة حيدر شهيد للبنين;njf;hyd
1401500;اعدادية الشذرات للبنات;kfa;abb
1401501;ابتدائية شمس الحق للبنين;njf;rdw
1401502;ابتدائية بوابة التألق المختلطة;mnd;mnd_c
1401503;أساسية جنة الحسين للبنين;msh;msh_c
1401504;ثانوية الفرقان للبنات;njf;njf_c
1401505;ابتدائية قائم ال محمد للبنات;njf;njf_c
1401506;ابتدائية قائم ال محمد للبنين;njf;njf_c
1401507;ثانوية قائم ال محمد للبنات;njf;njf_c
1401508;ثانوية قائم ال محمد للبنين;njf;njf_c
1401509;ابتدائية بيعة الغدير للبنات;njf;njf_c
1401510;ابتدائية لواء العلم للبنين;mnd;mnd_c
1401511;ابتدائية الغفران للبنات;mnd;mnd_c
1401512;ثانوية سبط الرسول للبنين;njf;njf_c
1401513;روضة الفرقان المختلطة;njf;njf_c
1401514;أساسية القرآن والعترة الطاهرة للبنين;njf;njf_c
1401515;ابتدائية الطور المختلطة;njf;njf_c
1401516;أساسية نيوتن للبنين;njf;njf_c
1401517;أساسية نيوتن للبنات;njf;njf_c
1401518;ابتدائية الشيماء المختلطة;njf;njf_c
1401519;أساسية ادوبا للبنات;njf;njf_c
1401520;ابتدائية أجيال المستقبل المختلطة;kfa;kfa_c
1401521;ابتدائية النهرين المختلطة;kfa;abb
1401522;ابتدائية نور المعرفة المختلطة;msh;msh_c
1401523;متوسطة الطور للبنين;njf;njf_c
1401524;متوسطة الطور للبنات;njf;njf_c
1401525;متوسطة انوار الضياء للبنات;njf;njf_c
1401526;اعدادية نيوتن للبنين;njf;njf_c
1401527;اعدادية نيوتن للبنات;njf;njf_c
1401528;ثانوية الياسري للبنات;kfa;kfa_c
1401529;ثانوية النهرين للبنين;kfa;abb
1401530;ثانوية بوابة التالق للبنين;mnd;mnd_c
1401531;متوسطة باب الرجاء للبنات;msh;qds
1401532;متوسطة باب الرجاء للبنين;msh;qds
1401533;ثانوية المتفوقين للبنين;njf;njf_c
1401534;ثانوية المتفوقات للبنات;njf;njf_c
1401535;ابتدائية المسلة للبنين;njf;njf_c
1401536;ابتدائية الأخوة للبنين;njf;njf_c
1401537;ابتدائية الود للبنات;njf;njf_c
1401538;ابتدائية التفاؤل للبنين;njf;njf_c
1401539;ابتدائية الوقار للبنات;njf;njf_c
1401540;ابتدائية العنبر للبنين;njf;njf_c
1401541;ابتدائية المسك للبنات;njf;njf_c
1401542;ابتدائية النسور للبنين;njf;hyd
1401543;ابتدائية البراءة للبنات;njf;hyd
1401544;ابتدائية نبع الكوثر للبنات;njf;rdw
1401545;ابتدائية سمير العلاق للبنين;kfa;kfa_c
1401546;ابتدائية الحجرات للبنات;kfa;kfa_c
1401548;ابتدائية صناع الغد للبنين;msh;qds
1401549;ابتدائية الامال للبنات;msh;qds
1401550;ابتدائية عبدالزهرة عنوز للبنين;njf;njf_c
1401551;متوسطة شهداء العراق للبنين;njf;njf_c
1401552;ثانوية رحاب العلم للبنات;njf;njf_c
1401553;ثانوية الرتاج للبنات;njf;njf_c
1401554;اعدادية الشهيد صادق الزيدي للبنين;njf;hyd
1401555;اعدادية محمد صادق الصدر للبنين;kfa;kfa_c
1401556;اعدادية ما وراء الفقه للبنات;kfa;kfa_c
1401557;متوسطة كاظم عبدالأمير الحدراوي للبنات;kfa;kfa_c
1401558;ثانوية عاشوراء الحسين للبنات;kfa;hry
1401559;ثانوية عراق السلام للبنات;mnd;mnd_c
1401560;ابتدائية الصفوة الطاهرة للبنين;kfa;kfa_c
1401561;ابتدائية النقاء للبنات;kfa;kfa_c
1401562;ابتدائية وردة الصباح للبنات;kfa;abb
1401563;ابتدائية زهير مراد الاسدي للبنين;kfa;abb
1401564;ابتدائية ناجي المحنه للبنين;msh;msh_c
1401565;ابتدائية الاكرام;msh;msh_c
1401566;روضة نيوتن المختلطة;njf;njf_c
1401567;اعدادية العاصمة للبنين;kfa;kfa_c
1401568;مسرع ضياء العلم للبنات;mnd;mnd_c
1401569;ابتدائية موطني للبنات;njf;njf_c
1401570;ثانوية بلادي للبنات;njf;njf_c
1401572;اعدادية قلعة العلوم للبنين;njf;njf_c
1401573;اعدادية جيل التفوق للبنين;njf;njf_c
1401574;اعدادية النورين للبنات;njf;njf_c
1401575;اعدادية الضيغم للبنين;njf;njf_c
1401577;ابتدائية العلياء المختلطة;njf;nur
1401578;ثانوية زها حديد للبنات;kfa;abb
1401579;ثانوية حروف للبنات;njf;njf_c
1401580;ثانوية حروف للبنين;njf;njf_c
1401581;ابتدائية السجدة للبنات;msh;msh_c
1401582;متوسطة المسرات للبنات;msh;msh_c
1401583;متوسطة الروان للبنات;msh;msh_c
1401584;ابتدائية سمارت المختلطة;kfa;kfa_c
1401585;متوسطة عبق الورد للبنات;msh;qds
1401586;أساسية الاولياء الصالحين للبنات;njf;njf_c
1401587;ثانوية جوهرة الرافدين لم تفتح للبنات;njf;nur
1401588;اعدادية الاسباط للبنين;njf;rdw
1401589;ابتدائية الرايات للبنين;njf;njf_c
1401590;ابتدائية المناسك للبنات;njf;njf_c
1401591;ابتدائية التهجد للبنات;njf;njf_c
1401592;متوسطة الكفاءات للبنين;njf;njf_c
1401593;متوسطة الميقات للبنات;njf;njf_c
1401594;ثانوية الحجة المختلطة;njf;rdw
1401595;ثانوية سلمان غماس الزجراوي للبنات;mnd;hir
1401596;معهد الفنون الجميلة المسائي للبنين;njf;njf_c
1401597;معهد الفنون الجميلة المسائي للبنات;njf;njf_c
1401598;أساسية المواهب للبنين;njf;njf_c
1401599;ابتدائية المواهب المختلطة;njf;njf_c
1401601;ثانوية العلمين للبنين;kfa;abb
1401603;متوسطة مظفر النواب للبنين;kfa;kfa_c
1401604;متوسطة القرآن منهجنا للبنات;kfa;abb
1401606;ثانوية بغداد للبنات;kfa;abb
1401607;ثانوية التالق للبنين;kfa;kfa_c
1401608;ثانوية التالق للبنات;kfa;kfa_c
1401609;متوسطة طوفان الأقصى للبنات;njf;njf_c
1401610;متوسطة شهداء الحيرة للبنين;mnd;hir
1401611;متوسطة الفلق للبنين;mnd;hir
1401612;روضة كادي المختلطة;kfa;kfa_c
1401613;مسرع ابواب الامل للبنات;njf;njf_c
1401614;مسرع طريق الامل للبنين;njf;njf_c
1401615;أساسية الحوراء للبنات;njf;njf_c
1401616;مسرع وطن السلام للبنات;njf;njf_c
1401617;أساسية براعم الراق المختلطة;kfa;kfa_c
1401618;أساسية كوكب المواهب المختلطة;kfa;kfa_c
1401619;ثانوية قمم للبنين;kfa;kfa_c
1401620;ثانوية العلا للبنين;kfa;abb
1401621;ابتدائية الورود للبنات;msh;msh_c
1401622;تكميلي ارض طيبة للبنين;njf;njf_c
1401623;تكميلي الرونق للبنات;njf;njf_c
1401624;ثانوية صناع الأوائل للبنات;njf;njf_c
1401625;أساسية غافر للبنات;kfa;abb
1401626;ابتدائية السحاب المختلطة;kfa;abb
1401627;ثانوية بيادر الخير للبنين;njf;hyd
1401628;أساسية سما العراق للبنين;njf;njf_c
1401629;أساسية سما العراق للبنات;njf;njf_c
1401630;اعدادية سما العراق للبنين;njf;njf_c
1401631;اعدادية سما العراق للبنات;njf;njf_c
1401632;ثانوية الاصرار للبنات;mnd;hir
1401633;متوسطة شهداء الصد الاول المختلطة;njf;hyd
1401634;ثانوية الزعفران للبنات;njf;njf_c
1401635;اعدادية طوى للبنات;mnd;hir
1401636;ثانوية النسائم للبنات;njf;hyd
1401637;متوسطة الق الطور للبنات;kfa;kfa_c
1401638;ابتدائية منة المنان للبنات;kfa;kfa_c
1401639;ثانوية لغتي للبنين;kfa;kfa_c
1401640;ثانوية لغتي للبنات;kfa;kfa_c
1401642;ثانوية الامير مثنى ال حاتم ال حسن للبنين;kfa;kfa_c
1401643;اعدادية الشهيد احمد هندي فيروز الكوفي للبنات;kfa;kfa_c
1401644;أساسية الفرح الاولى النموذجية المختلطة;njf;njf_c
1401645;أساسية الفرح الاولى النموذجية للبنات;njf;njf_c
1401646;أساسية الفرح الثانية النموذجية المختلطة;njf;njf_c
1401647;أساسية الفرح الثانية النموذجية للبنات;njf;njf_c
1401648;اعدادية سيد الجنوب للبنات;njf;njf_c
1401649;ابتدائية الرفعة للبنات;njf;njf_c
1401650;ابتدائية التبيان للبنين;mnd;hir
1401651;اعدادية فقه الفضاء للبنات;kfa;kfa_c
1401652;متوسطة الشهيد علاوي الذبحاوي للبنات;kfa;kfa_c
1401653;اعدادية الشهيد السعيد حسن نصر الله للبنات;kfa;kfa_c
1401654;متوسطة الشهيد حسن نصرالله المختلطة;msh;msh_c
1401655;اعدادية النجف للعلوم الرياضية للبنات;njf;njf_c
1401656;أساسية ادوبا للبنين;njf;njf_c
1401657;اعدادية القطيف للبنات;njf;njf_c
1401658;اعدادية النجف للسياحة والفندقة للبنين;njf;njf_c
1401659;ثانوية الزيزفون للبنات;njf;njf_c
1401660;روضة العبقري الصغير المختلطة;njf;nur
1401661;ثانوية رمز الحنان للبنات;njf;njf_c
1401662;متوسطة المجادلة للبنات;kfa;kfa_c
1401664;أساسية تراث النجف للبنين;njf;njf_c
1401665;أساسية زهور الغد للبنات;njf;njf_c
1401666;ابتدائية ثمرة العلم للبنين;njf;njf_c
1401667;اعدادية الشهيد غالب شنيع للبنين;njf;njf_c
1401668;اعدادية سيدة الصبر للبنات;njf;hyd
1401669;متوسطة همسة امل للبنات;njf;hyd
1401670;متوسطة الامير علي ال محمد الحسناوي للبنين;njf;hyd
1401671;اعدادية الشهيد حسن نصر الله للحاسبات وتقنية المعلومات للبنين;njf;njf_c
1401672;ثانوية اليسر للبنات;njf;njf_c
1401673;ثانوية عصر الظهور للبنين;njf;njf_c
1401674;اعدادية المناذرة المهنية للبنات;mnd;mnd_c
1401675;أساسية الاولياء الصالحين للبنين;njf;njf_c
1401676;ثانوية الممهدات المسائية للبنات;mnd;mnd_c
1401677;متوسطة نور الحق للبنات;mnd;mnd_c
1401678;اعدادية النجاة للبنات;mnd;mnd_c
1401679;ابتدائية الممهدون للبنين;mnd;hir
1401680;ابتدائية الشهيد ثائر الهلالي للبنات;njf;njf_c
1401681;ابتدائية قطوفها دانية للبنات;njf;njf_c
1401682;ابتدائية المستنصرية المختلطة;kfa;kfa_c
1401683;ثانوية المستنصرية للبنات;kfa;kfa_c
1401684;أساسية مدينة العلم المختلطة;njf;njf_c
1401685;ابتدائية راية الحسين للبنات;njf;rdw
1401686;متوسطة اميرة الطف للبنات;njf;hyd
1401687;متوسطة شذى الزهور للبنات;njf;hyd
1401688;متوسطة حسن عبدالسعود البديري المختلطة;kfa;hry
1401689;اعدادية الروحاء للبنين;mnd;hir
1401690;ثانوية ينبوع الحكمة للبنات;kfa;kfa_c
1401691;اعدادية الدكتور هادي العابدي للبنين;njf;njf_c
1401692;ثانوية شجرة التقوى للبنات;njf;njf_c
1401693;ثانوية النبأ للبنين;njf;njf_c
1401694;ثانوية العباسية للمتفوقين للبنين;kfa;kfa_c
1401695;ثانوية جساب عريبي للبنين;njf;hyd
1401696;أساسية الارتقاء المختلطة;njf;njf_c
1401697;ثانوية المتفوقين للبنين;njf;njf_c
1401698;ثانوية المتفوقات للبنات;njf;njf_c
1401699;أساسية كنوز المعارف المختلطة;njf;njf_c
1401700;ابتدائية منارة المستقبل المختلطة;njf;njf_c
1401701;متوسطة جنة الفردوس للبنات;njf;njf_c
1401702;ثانوية سكينة بنت الحسين للبنات;kfa;abb
1401703;متوسطة البهجة للبنات;msh;qds
1401704;ثانوية المستقبل للبنات;njf;njf_c
1401705;ثانوية السدير للبنين;njf;njf_c
1401706;ثانوية السدير للبنات;njf;njf_c
1401707;ثانوية الزيتون للبنات;njf;njf_c
1401708;ثانوية شهداء العقيدة المسائية للبنين;njf;njf_c
1401709;ابتدائية زهور السوسن للبنات;njf;njf_c
1401710;مسرع الشيخ الكرباسي للبنين;njf;njf_c
1401711;مسرع النخيل للبنات;kfa;kfa_c
1401712;ثانوية سما الحيدرية للبنين;njf;hyd
1401713;أساسية سمارت للبنين;kfa;kfa_c
1401714;أساسية جنة الحسين للبنات;msh;msh_c
1401715;ابتدائية حروف المختلطة;njf;njf_c
1401716;ابتدائية العقيق للبنين;njf;njf_c
1401717;ابتدائية الياقوتة للبنات;njf;njf_c
1401718;ثانوية السيدة فضة للبنات;njf;njf_c
1401719;أساسية شمس المغرب المختلطة;njf;njf_c
1401720;روضة حكاية المختلطة;msh;msh_c
1401721;اعدادية ايليا المختلطة;njf;njf_c
1401722;ابتدائية الشيخ علي الغروي للبنين;kfa;kfa_c
1401723;متوسطة جيل الزهراء للبنات;kfa;kfa_c
1401724;ابتدائية الشيخ البرجوردي للبنين;njf;njf_c
1401725;ابتدائية نور المختلطة;njf;njf_c
1401726;ثانوية نور للبنات;njf;njf_c
1401727;ابتدائية ارادة الحياة المختلطة;njf;njf_c
